state_abbv,state_fips,year,website_pollingplace,website_reg_status,website_precinct_ballot,website_absentee_status,website_provisional_status,reg_rej,prov_partic,prov_rej_all,abs_rej_all_ballots,abs_nonret,uocava_rej,uocava_nonret,eavs_completeness,post_election_audit,nonvoter_illness_pct,nonvoter_reg_pct,online_reg,wait,residual,pct_reg_of_vep_vrs,vep_turnout
AK,Alaska,2008,0,0,NA,NA,NA,0.06810195,0.062138822,7.8125711e-4,0.0018604256,0.16454825,0.042964555,0.1546564,1,1,0.15214236,0.052107278,0,5.7127004,0.0034948266,0.87569302,0.68277264
AK,Alaska,2010,1,1,0,1,0,0.08204972,0.049772527,0.0049784016,0.0021139057,0.15594244,0.042494591,0.48281661,1,1,0.09313529,0.035279382,0,NA,NA,0.83543092,0.52556038
AK,Alaska,2012,1,1,0,1,0,0.097062916,0.060354091,8.1001106e-4,0.002661465,0.15452495,0.082483955,0.19329703,1,1,0.12015536,0.063834205,0,3.6568716,0.0039742002,0.86847156,0.59180635
AK,Alaska,2014,1,1,0,1,0,0.086495906,0.056739084,0.0072061163,0.003245001,0.24949852,0.050324675,0.25664371,1,1,0.093119651,0.020183906,0,4.1565981,NA,0.8269493,0.54381794
AK,Alaska,2016,1,1,1,1,0,0.11164635,0.061313752,8.3826185e-4,0.0027096584,0.13172203,0.079329856,0.12363035,1,1,0.12192352,0.05422933,1,6.4288425,0.0082982099,0.87502903,0.61800861
AL,Alabama,2008,0,0,NA,NA,NA,4.3909875e-4,NA,NA,NA,NA,NA,0.31000322,0.48609424,0,0.2261501,0.075938895,0,14.260803,NA,0.85220754,0.60952842
AL,Alabama,2010,1,1,0,1,1,0.0010221432,0.0023871255,0.0012293512,NA,NA,0.19175628,0.76430768,0.59425175,0,0.18656588,0.078653038,0,NA,NA,0.8214131,0.43060836
AL,Alabama,2012,1,1,0,1,1,NA,0.0036718757,0.0021163446,NA,NA,NA,NA,0.58248115,0,0.23142886,0.076355055,0,11.308345,0.0062190001,0.86328095,0.58890975
AL,Alabama,2014,1,1,0,1,1,0.017743733,0.0019377223,6.1303435e-4,NA,NA,NA,0.81782645,0.62521034,0,0.16604702,0.06461484,0,3.71631,NA,0.80184573,0.33212399
AL,Alabama,2016,1,1,1,1,1,0.01607169,NA,NA,NA,0.10025997,0.039246466,0.38134205,0.72850353,0,0.22291428,0.050768558,1,13.146628,0.0066012298,0.86212748,0.59257072
AR,Arkansas,2008,1,1,NA,NA,NA,NA,0.0020310334,NA,NA,NA,NA,0.26000941,0.70734876,0,0.17098345,0.037976686,0,21.483608,0.0085276598,0.74238497,0.52904886
AR,Arkansas,2010,1,1,1,1,0,0.045255907,0.0016514588,9.0785581e-4,0.0016141824,0.097371541,0.041946311,0.5247525,0.97760504,0,0.15861425,0.025411213,0,NA,NA,0.71925467,0.37541923
AR,Arkansas,2012,1,1,1,1,0,NA,0.0024149076,0.0015701201,9.4982161e-4,0.090755172,0.10014171,0.27744511,0.96925056,0,0.17145225,0.051281892,0,12.887924,0.0084186997,0.7594837,0.50954992
AR,Arkansas,2014,1,1,0,1,0,0.01393076,0.0019158198,0.0010862025,0.0012380371,0.094845697,NA,0.35431653,0.95094705,0,0.14078654,0.022307964,0,7.7012954,NA,0.74729663,0.40142861
AR,Arkansas,2016,1,1,1,1,0,0.033786308,0.004131767,0.0030509874,0.0016215255,0.079493009,NA,0.17259933,0.93391359,0,0.20186481,0.046497617,0,15.270416,0.00627279,0.83705938,0.53103119
AZ,Arizona,2008,0,0,NA,NA,NA,NA,0.065406613,0.019162368,0.0029415933,0.064290576,0.019081889,0.36594051,0.98944879,1,0.12171349,0.091858916,1,23.714245,0.011795674,0.82941592,0.57360554
AZ,Arizona,2010,1,1,0,0,1,NA,0.046745561,0.0082611777,0.0047194487,0.23077932,0.035565645,0.67289603,0.99101335,1,0.087297969,0.064290255,1,NA,NA,0.80325204,0.41521883
AZ,Arizona,2012,1,1,0,1,1,NA,0.078869276,0.014211697,0.0053322911,0.19674179,0.0095288511,0.28583315,0.99073499,1,0.12530252,0.090455242,1,10.787029,0.0104688,0.77452207,0.53292167
AZ,Arizona,2014,1,1,0,1,1,0.087054349,0.042909048,0.0055109318,0.0067556715,0.42126796,0.033846155,0.6309821,1,1,0.077035852,0.055106144,1,2.1547434,NA,0.77447933,0.34115994
AZ,Arizona,2016,1,1,0,1,1,NA,0.037650678,0.00879985,0.0039553232,0.18576646,0.026981179,0.18325317,0.98555118,1,0.08287324,0.063461348,1,5.6544242,0.0213564,0.809389,0.56217176
CA,California,2008,0,0,NA,NA,NA,NA,0.057856195,0.0098768296,0.0096582723999999991,0.16152531,0.056657549,0.37332803,0.96755618,1,0.14775597,0.085749581,0,13.643649,0.013190327,0.82484579,0.61735171
CA,California,2010,0,0,0,0,0,NA,0.051936179,0.0064788805,0.0069039864,0.30940014,0.044668358,0.7217111,0.98531157,1,0.11231986,0.051526897,0,NA,NA,0.75913417,0.45050842
CA,California,2012,0,0,0,0,0,NA,0.081449635,0.013647079,0.0045501031,0.29382619,0.084828839,0.46028459,0.98311806,1,0.13636522,0.093503714,1,5.8031926,0.0123927,0.80100423,0.55893815
CA,California,2014,1,0,0,0,0,0.096147023,0.050601542,0.0054662847,0.0065635093,0.4949773,0.1152748,0.83754742,0.99565881,1,0.10194969,0.041763436,1,2.087554,NA,0.74149376,0.3078467
CA,California,2016,1,1,0,1,1,0.15851121,0.089469254,0.013246233,0.0040015061,0.29174548,0.047381636,0.29253381,0.99126631,1,0.11564228,0.07864251,1,6.6078906,0.025503291,0.797656,0.5840137
CO,Colorado,2008,0,1,NA,NA,NA,NA,0.021891385,0.0033937104,0.0032985019,0.090012543,0.05809316,0.26238385,0.93966848,1,0.11898357,0.064454556,0,12.64701,0.0086180698,0.84003299,0.71601105
CO,Colorado,2010,1,1,0,1,1,0.06640432,0.021528471,0.002005663,0.0043214466,0.21994133,0.029903254,0.57023472,1,1,0.098185003,0.048164621,1,NA,NA,0.82371521,0.50696188
CO,Colorado,2012,1,1,0,1,1,0.016784405,0.02422197,0.0038040136,0.0063234498,0.12493495,0.036514428,0.3044472,1,1,0.091950834,0.063574754,1,6.3068857,0.0104516,0.87843382,0.71049291
CO,Colorado,2014,1,1,0,1,1,0.024444325,4.7257569e-4,1.9124622e-4,0.0071792002,0.349731,0.017859757,0.6655581,1,1,0.072137155,0.043039098,1,1.4026475,NA,0.8667469,0.54463571
CO,Colorado,2016,1,1,0,1,1,0.032989845,0.0020490957,5.1418087e-4,0.0080608167,0.22166236,0.01612764,0.40220064,1,1,0.070554003,0.061499361,1,2.3994479,0.02761911,0.90048063,0.72087783
CT,Connecticut,2008,0,0,NA,NA,NA,0.0042328816,4.3469141e-4,2.7175812e-4,0.0018682611,NA,NA,NA,0.7778371,1,0.21747319,0.047210388,0,10.074364,NA,0.85563833,0.66642547
CT,Connecticut,2010,1,1,0,1,0,NA,7.981821e-4,5.0092209e-4,0.0010763758,0.065101564,0.01594203,0.36032757,0.94395918,1,0.14739034,0.028934998,0,NA,NA,0.81373984,0.45959899
CT,Connecticut,2012,1,1,0,1,0,NA,6.1705452e-4,5.4016302e-4,0.0015096371,0.086557195,0.0096427789,0.11451863,0.77777779,1,0.18870133,0.041932113,0,8.5024147,NA,0.84491897,0.60998958
CT,Connecticut,2014,1,1,0,1,0,NA,1.7326976e-5,8.2075148e-6,0.0010979831,0.083932973,0.018382354,0.26684636,0.94444442,1,0.12389116,0.024503469,1,2.990191,NA,0.81141531,0.42533553
CT,Connecticut,2016,1,1,1,1,0,NA,3.9380531e-5,2.1480289e-5,0.0015107804,0.06347236,0.017947281,0.18253969,0.88235295,1,0.20214406,0.032871366,1,6.0732584,0.018503699,0.86545414,0.65427256
DC,District of Columbia,2008,1,1,NA,NA,NA,NA,0.064851835,0.018376082,0.010393572,0.036683787,NA,0.5354439,0.77777779,0,0.26005191,0.10069024,0,NA,0.0038145771,0.90909058,0.6169486
DC,District of Columbia,2010,1,1,0,1,1,0.028801413,0.039588947,0.0029297881,0.0023482472,0.32695112,0.10903427,0.71184921,1,1,0.13236502,0.061274771,0,NA,NA,0.84706759,0.29573914
DC,District of Columbia,2012,1,1,0,1,1,0.0053328583,0.13130152,0.011027887,0.0013457761,0.28201592,0.015,0.18588874,1,1,0.24762523,0.092626214,0,33.85453,0.0016652,0.92459375,0.61965692000000006
DC,District of Columbia,2014,1,1,0,1,1,0.0034302142,0.11340816,0.0067370627,0,0.25401288,0.14986376,0.58072287,1,1,0.10667844,0.055677619,1,6.9017677,NA,0.8625319,0.35791108
DC,District of Columbia,2016,1,1,1,1,1,0.0050269738,0.01105371,0.004672253,1.0582316e-4,0.2217489,0.040540539,0.18975469,1,1,0.20776799,0.03172313,1,16.281755,0.0041813999,0.93633616,0.61113918
DE,Delaware,2008,1,0,NA,NA,NA,0.24614403,9.4780803e-4,7.9866056e-4,8.0106617e-4,0.035596754,0.07375145,0.22553192,1,1,0.21303475,0.047521967,0,12.161645,0.0027807197,0.8579402,0.65832853
DE,Delaware,2010,1,0,1,1,1,0.16003108,1.041818e-4,9.7867749e-5,4.3566932e-4,0.045477178,0.043117743,0.63942605,1,1,0.1426831,0.012888312,0,NA,NA,0.81675464,0.47842926
DE,Delaware,2012,1,0,1,1,1,0.041488245,0.0010846896,0.0010008835000000001,5.7466998e-4,0.076339856,0.097714283,0.28508288,1,1,0.18058525,0.051018059,0,4.9209337,0.0088689001,0.86270422,0.62660235
DE,Delaware,2014,1,1,1,1,1,0.052332196,2.6038385e-4,2.2678594e-4,2.6038385e-4,0.2352455,0.014925373,0.58333331,1,1,0.13460839,0.0097445119,1,2.6545055,NA,0.82484239,0.34355411
DE,Delaware,2016,1,1,1,1,1,0.075797476,6.6039443e-4,6.0907996e-4,4.8190943e-4,0.11925396,0.039952297,0.19599999,1,1,0.17922233,0.040369224,1,4.8895535,0.0031759001,0.86986911,0.64607763
FL,Florida,2008,0,0,NA,NA,NA,0.0043993290000000004,0.0041850614,0.0021516629,0.0021675178,0.1405957,0.023756657,0.21624449,1,1,0.16753253,0.09558636,0,28.842903,0.0073532597,0.87688965,0.66630977
FL,Florida,2010,1,1,1,1,0,NA,0.0024080221,6.1949797e-4,0.003284198,0.28984806,0.041071605,0.59559172,0.8888889,1,0.14275527,0.049509555,0,NA,NA,0.81821364,0.42283514
FL,Florida,2012,1,1,1,1,0,0.06299036,0.0049949214,0.0021157574,0.0024057887,0.18155128,0.030868916,0.2495005,1,1,0.14670882,0.078275204,0,44.976986,0.0074809999,0.85260403,0.63962775
FL,Florida,2014,1,1,0,1,0,0.035802357,0.0020797148,8.9048065e-4,0.0031404635,0.29058906,0.037826527,0.62880993,1,1,0.13201837,0.040190328,0,3.5993516,NA,0.82284784,0.43262726
FL,Florida,2016,1,1,0,1,0,0.060156364,0.0025442939,0.0014001938,0.0022855997,0.21709415,0.031663492,0.27674547,0.99996954,1,0.13161255,0.060301427,0,5.5254335,0.0081146201,0.87011325,0.65744931
GA,Georgia,2008,1,1,NA,NA,NA,0.0014454132,0.0043674703,0.0022620803,8.8204537e-4,0.016428875,0.022578212,0.31324145,0.99987966,NA,0.14203437,0.058490496,0,37.570423,0.0053731385,0.84935278,0.62731379
GA,Georgia,2010,1,1,1,1,0,0.0019959128,0.0031867665,0,1.6965081e-4,0.025725136,0.04473161,0.79904282,0.99349302,0,0.14147703,0.05140049,0,NA,NA,0.78852683,0.40592468
GA,Georgia,2012,1,1,1,1,0,NA,0.0053177718,0.0027609877,1.813041e-4,0.016809292,0.024002982,0.34535429,0.94134033,0,0.16754481,0.062873505,0,17.776478,0.0049255998,0.86320949,0.58650154
GA,Georgia,2014,1,1,1,1,1,0.0037511552,0.0046812412,0.0019952389,0.0016662307,0.1295609,0.044806518,0.43714178,0.9985401,0,0.12918662,0.047108091,1,7.3745174,NA,0.77803469,0.38530818
GA,Georgia,2016,1,1,1,1,1,0.0029336396,0.0040362552,0.0022056052,0.0032979187,0.10084204,0.081424557,0.27369326,1,0,0.14848693,0.060400531,1,16.550327,0.0057516601,0.83303124,0.59887046
HI,Hawaii,2008,1,0,NA,NA,NA,NA,0.0011469072,8.8375446e-4,0.001835227,0.089365236,NA,NA,0.90122408,1,0.12623376,0.064664885,0,5.735971,0.0054806615,0.69611973,0.49035606
HI,Hawaii,2010,1,0,1,0,0,NA,5.1255233e-4,3.9088589e-4,0.0030637272,0.077225536,0.061994608,0.34103021,0.92620814,1,0.11514931,0.10211167,0,NA,NA,0.65774649,0.4009361
HI,Hawaii,2012,1,0,1,0,0,NA,0.0016278442,0.0013943138,0.0025322021,0.098107144,NA,0.32621035,0.92624938,1,0.12792197,0.081689902,0,7.0276074,0.0056380001,0.70917314,0.444745
HI,Hawaii,2014,1,1,1,0,0,NA,4.653935e-4,4.041575e-4,0.0016554128,0.14237691,0.125,0.47513813,0.94940847,1,0.08974275,0.096955746,0,2.496192,NA,0.64003599,0.36494294
HI,Hawaii,2016,1,1,1,0,0,NA,0.0019305593,0.0016244114,0.0028421488,0.15243857,0.025930101,0.22642608,0.97108406,1,0.099969447,0.070577338,1,3.780215,0.01993995,0.7187587,0.43036032
IA,Iowa,2008,1,1,NA,NA,NA,0.0081065455,0.0027850289,2.4959861e-4,0.0027940818,0.051392086,0.081302524,0.24995746,0.94444442,0,0.12207783,0.037882935,0,5.006278,0.0062290933,0.85315764,0.69656885
IA,Iowa,2010,1,1,0,1,0,0.0022326242,0.0017566164,3.0791518e-4,0.0037761519,0.059795722,0.0373444,0.5475862,0.99938858,0,0.093185626,0.0328383,0,NA,NA,0.82405758,0.5079022
IA,Iowa,2012,1,1,0,1,0,0.0057211816,0.0031422351,5.4404192e-4,0.0051372652,0.070098765,0.059293274,0.21591417,1,0,0.12272054,0.018853858,0,7.4952931,0.0048876,0.86481595,0.70246911
IA,Iowa,2014,1,1,0,1,0,0.0028298197,0.0029895536,4.1407289e-4,0.0064308234,0.1027749,0.05719557,0.32663316,1,0,0.072726414,0.029449739,0,1.9077146,NA,0.84769076,0.50232697
IA,Iowa,2016,1,1,0,1,0,0.0060063605,0.001614422,4.3696261e-4,0.0026799531,0.031074671,0.038165916,0.20406879,0.94418871,0,0.09004534,0.015864743,1,3.8444796,0.0097004399,0.85844737,0.69049013
ID,Idaho,2008,1,0,NA,NA,NA,NA,NA,NA,0.0013438081,0.033496846,0.12771475,0.22723566,0.9375,0,0.15048735,0.022024538,0,6.491838,0.018687472,0.77101141,0.64843172
ID,Idaho,2010,1,1,0,1,NA,NA,NA,NA,0.0030563001,0.06609384,0.20945945,0.52889323,0.9375,0,0.12836178,0.016803563,0,NA,NA,0.71210724,0.42772385
ID,Idaho,2012,1,1,0,1,NA,NA,NA,NA,0.0014318089,0.032526884,0.1358954,0.18498169,0.93668038,0,0.13142571,0.032087829,0,7.0921254,0.0210359,0.77053583,0.60876757
ID,Idaho,2014,1,1,0,1,NA,NA,NA,NA,0.0016191077,0.10880586,0.1,0.28672567,0.9375,0,0.12778582,0.013506046,0,1.9593509,NA,0.70152199,0.39604637
ID,Idaho,2016,1,1,0,1,NA,NA,NA,NA,0.0012329433,0.029666021,0.13741007,0.15148515,0.93333334,0,0.1310991,0.024229661,0,8.0134859,0.02823665,0.78034693,0.60876042
IL,Illinois,2008,0,0,NA,NA,NA,0.045681644,NA,NA,NA,0.074257091,0.029753905,0.30627272,0.63928419,1,0.1864434,0.063705064,0,9.2872171,0.0098856352,0.85200596,0.64256495
IL,Illinois,2010,1,1,0,0,1,0.40365773,NA,0.0037247699,7.6075364e-4,0.17279367,0.046720959,0.78158963,0.93799561,1,0.13021304,0.040769868,0,NA,NA,0.81800878,0.43194485
IL,Illinois,2012,1,1,0,0,1,0.03696442,0.0038300187,0.0056720795,7.9370907e-4,0.079313412,NA,NA,0.82246494,1,0.1558387,0.061051067,0,11.712019,0.0071713999,0.84823209,0.59303057
IL,Illinois,2014,1,1,0,0,1,NA,0.008871288,0.0023770852,0.0013720545,0.14618348,NA,NA,0.81993347,1,0.12510701,0.036442086,1,4.4905429,NA,0.80240214,0.40949884
IL,Illinois,2016,1,1,0,0,1,0.034092117,0.0047392948,0.0022060375,0.0010790143,0.12046736,0.024625121,0.21560822,0.99967438,1,0.12755969,0.041626759,1,6.3479285,0.01258234,0.88410807,0.63357818
IN,Indiana,2008,1,1,NA,NA,NA,0.020408385,NA,NA,NA,0.036581814,NA,0.4717899,0.94369364,0,0.17045112,0.068611361,0,24.056875,0.019362837,0.81064779,0.6030463
IN,Indiana,2010,1,1,1,1,1,0.54463601,0.0010168364,6.1780348e-4,0.0042424863,NA,0.068157613,0.7370199,0.98268664,0,0.12509474,0.025922967,1,NA,NA,0.73513222,0.38006222
IN,Indiana,2012,1,1,1,1,1,0.040763713,0.0018026014,0.0015007285,0.0045216614,0.0065625943,0.20583738,0.13478316,0.99325019,0,0.17448731,0.064577788,1,14.319768,0.0145808,0.78423786,0.55963689
IN,Indiana,2014,1,1,1,1,1,0.040475342,NA,NA,0.0044887168,0.0088933939,0.16138329,0.10293013,0.96888703,0,0.10695765,0.022688877,1,4.8581014,NA,0.75158703,0.28824309
IN,Indiana,2016,1,1,1,1,1,0.065966077,0.0010711486,8.437105e-4,7.3988008e-4,0.0026246607,0.025219608,0.087731667,1,0,0.17443781,0.052078437,1,17.001461,0.01770539,0.81358975,0.57858533
KS,Kansas,2008,0,1,NA,NA,NA,4.0395139e-4,0.031834971,0.0098226573,0.003254218,0.0658288,0.10101964,0.24473436,0.88605911,0,0.1657014,0.05095426,0,10.751668,NA,0.77179462,0.63471937
KS,Kansas,2010,1,1,1,1,0,3.4708099e-4,0.021088826,0.0059079495,0.0049308697,0.16310549,0.03576538,0.70180523,1,0,0.11972587,0.035272442,1,NA,NA,0.76723164,0.4168779
KS,Kansas,2012,1,1,1,1,0,NA,0.034847721,0.012092916,0.0045387666,NA,0.056886952,0.22778158,0.94444442,0,0.15518427,0.06523893,1,11.498145,0.022419401,0.81286782,0.58124512
KS,Kansas,2014,1,1,1,0,0,NA,0.025656246,0.0074088224,0.0025222974,0.11961104,0.017492712,0.20828402,0.94444442,0,0.11605674,0.026248664,1,4.4589114,NA,0.75057954,0.43400207
KS,Kansas,2016,1,1,1,0,0,NA,0.033406049,0.011211362,0.0035643908,0.088126555,0.012831241,0.1590704,0.93979597,0,0.13775086,0.055136386,1,5.5047231,0.025220551,0.80751514,0.59737623
KY,Kentucky,2008,1,1,NA,NA,NA,NA,4.5928801e-4,3.6420734e-4,0.0010152683,0.061862666,NA,0.24984793,0.72222221,0,0.22425771,0.058890909,0,12.314087,0.018838329,0.83167911,0.58953273
KY,Kentucky,2010,1,1,0,0,1,0.20891052,7.2637777e-5,6.7701229e-5,8.4186648e-4,0.02545213,0.065693431,0.2651515,0.99955684,0,0.17314005,0.027390575,0,NA,NA,0.76452303,0.44141084
KY,Kentucky,2012,1,1,0,0,1,0.2089529,1.580487e-4,1.3051408e-4,9.9895592e-4,0.080859654,0.080947421,0.22370806,1,0,0.17743474,0.045199431,0,8.032156,0.0102602,0.80811894,0.55901283
KY,Kentucky,2014,1,1,0,0,1,NA,8.9762361e-5,7.6743396e-5,9.3325449e-4,0.067946449,0.10182767,0.35714287,0.94444442,0,0.14821595,0.02714232,0,7.0700188,NA,0.8075726,0.44035643
KY,Kentucky,2016,1,1,1,1,1,0.67197359,1.4928788e-4,1.1953291e-4,0.001100421,0.10364778,0.041826922,0.45877764,1,0,0.166482,0.040257376,1,7.6432524,0.01287877,0.8296631,0.59670532
LA,Louisiana,2008,1,0,NA,NA,NA,0.059069838,0.0040745875,0.00237882,9.4759022e-4,0.025930472,0.069134295,0.29096627,1,0,0.2016062,0.045260426,0,19.072609,0.010751489,0.88088006,0.61758554
LA,Louisiana,2010,1,1,1,1,1,0.11593584,2.1714874e-4,2.6951086e-5,6.4605603e-4,0.34424663,0.10436433,0.88048917,1,0,0.17322573,0.041322529,1,NA,NA,0.86245,0.39941409
LA,Louisiana,2012,1,1,1,1,1,0.078013681,0.0034062858,0.0021111823,0.0011784497,0.21734925,0.042842217,0.38802752,1,0,0.17045942,0.033183213,1,20.246925,0.0101675,0.85025477,0.61000437
LA,Louisiana,2014,1,1,1,1,1,0.099227093,0.0010419056,6.6889409e-4,0.0012666434,0.29785588,0.064007424,0.8479988,1,0,0.14676817,0.038291141,1,6.6633039,NA,0.82128608,0.45056367
LA,Louisiana,2016,1,1,1,1,1,0.052864868,0.0024090132,0.0017826112,0.0011079119,0.21509458,0.059399333,0.41964409,1,1,0.18314131,0.041845292,1,12.251608,0.01000228,0.86414963,0.6061995
MA,Massachusetts,2008,1,0,NA,NA,NA,NA,0.003774418,0.0027180193,6.3809322e-4,0.09135323,0.073864043,0.26114234,0.66666669,0,0.22329813,0.087060317,0,5.6307926,0.0069809905,0.87055755,0.67272878
MA,Massachusetts,2010,1,0,1,0,0,0.033089068,0.001240537,8.7070354e-4,NA,0.058879778,0.079493672,0.3245554,0.87566853,0,0.17179298,0.022193173,0,NA,NA,0.81889844,0.49666852
MA,Massachusetts,2012,1,0,1,1,0,0.033410184,0.0040575392,0.0030214849,7.8449945e-4,0.082343772,0.0050395969,0.18088569,0.99988562,0,0.20336337,0.068304285,0,8.758975,0.0051595001,0.87736136,0.66595179
MA,Massachusetts,2014,1,1,1,1,0,0.04757132,0.0012003885,8.8622968e-4,4.9707515e-4,0.090688571,0.0067859348,0.29354981,1,0,0.16707827,0.020016162,0,3.2318907,NA,0.80599606,0.44626799
MA,Massachusetts,2016,1,1,1,1,0,0.03349122,0.0021750319,0.0015227295,0.0015248012,0.10741748,0.0095037501,0.17211124,0.99999756,1,0.19432175,0.065162696,1,5.3143082,0.015909489,0.8767485,0.68296677
MD,Maryland,2008,1,1,NA,NA,NA,NA,0.019220445,0.0064431299,7.2241499e-4,0.092686459,0.085650876,0.17412223,0.8888889,1,0.19235945,0.091768123,0,24.491892,0.011386206,0.87005526,0.67817211
MD,Maryland,2010,1,1,1,1,1,0.021160603,0.019986844,0.0017112921,6.0700823e-4,0.14561431,0.15560949,0.74646968,0.99978763,1,0.13792613,0.039346278,0,NA,NA,0.81215799,0.46473944
MD,Maryland,2012,1,1,1,1,1,0.002546194,0.029213782,0.0040703113,5.5372907e-4,0.12456508,0.11230206,0.25780928,1,1,0.19453773,0.066445693,1,29.184135,0.0097784996,0.87071711,0.6681667
MD,Maryland,2014,1,1,1,1,1,1.1122233e-4,0.020092785,0.0014927477,3.9768402e-4,0.19067051,0.092085235,0.45716709,1,1,0.12174992,0.03878291,1,4.791954,NA,0.85185409,0.41518563000000003
MD,Maryland,2016,1,1,1,1,1,0.0015407838,0.028019546,0.0033565748,8.5063151e-4,0.22107317,0.076237977,0.32340634,1,1,0.16130018,0.055304859,1,15.716783,0.0092173303,0.88472676,0.67217356
ME,Maine,2008,1,0,NA,NA,NA,0.0082359603,NA,NA,0.0024635438,0.027668796,0.055927344,0.28735083,0.93149489,0,0.13937449,0.014208925,0,4.3595996,0.017855991,0.86455745,0.71841908
ME,Maine,2010,1,0,1,0,NA,0.010418122,2.7504939e-4,0,0.001958373,0.036856454,0.050075874,0.51040119,0.99976468,0,0.10156292,0.0074562384,0,NA,NA,0.85985947,0.56004107
ME,Maine,2012,1,0,1,0,NA,0.016590558,4.3464883e-4,0,0.0029747819,0.031977423,0.079436451,0.25519088,0.99999487,0,0.15452802,0.012189665,0,3.7301269,0.015975,0.85455739,0.69162834
ME,Maine,2014,1,1,1,0,NA,0.018415928,1.3956711e-4,0,0.0022103535,0.03887013,0.029999999,0.23323615,0.99991965,0,0.11918105,0.0096398257,0,4.7673006000000004,NA,0.84823573,0.58520085
ME,Maine,2016,1,0,1,0,NA,0.011187607,2.5135346e-4,0,0.0031907565,0.022612514,0.039838746,0.12383323,1,0,0.14256482,0.0099580623,0,4.0574293,0.031047091,0.87657547,0.72757858
MI,Michigan,2008,1,1,NA,NA,NA,0.0023447599,7.5351057e-4,3.9173817e-4,0.001691777,0.025029462,0.090549745,0.27339312,0.96340525,0,0.15839989,0.046561211,0,20.394936,0.007404923,0.90444714,0.69701523
MI,Michigan,2010,1,1,1,1,0,0.0025673979,2.5625547e-4,1.5682221e-4,0.0016676554,0.045706462,0.088536814,0.32848004,1,0,0.11822011,0.032804269,0,NA,NA,0.86789572,0.45163938
MI,Michigan,2012,1,1,1,1,0,0.002753898,5.595414e-4,3.106239e-4,0.0016836443,0.029105969,0.08723513,0.25115955,1,1,0.16374734,0.032454889,0,21.929638,0.0104043,0.89528906,0.65334696
MI,Michigan,2014,1,1,1,1,0,0.0017235249,3.5591586e-4,1.4017127e-4,0.0016039732,0.07239937,0.027464585,0.24553277,1,0,0.12416449,0.024378328,0.5,2.8846095,NA,0.86647791,0.43155986
MI,Michigan,2016,1,1,1,1,0,7.2183635e-4,3.8792775e-4,3.1858901e-4,0.0012659451,0.061234888,0.025135277,0.21771577,1,0,0.13583705,0.030937558,0.5,8.3011665,0.01027301,0.88909715,0.65667069
MN,Minnesota,2008,1,0,NA,NA,NA,0.001385901,NA,NA,0.0033979788,NA,0.063601024,0.27783731,0.96837097,1,0.13356462,0.011876082,0,8.6466446,0.0033713283,0.91812861,0.78102571
MN,Minnesota,2010,1,1,1,1,NA,0.0023994846,NA,NA,0.0036710529,0.070907921,0.073411763,0.34987196,0.97507721,1,0.11856145,0.014363226,0,NA,NA,0.85347235,0.55860668
MN,Minnesota,2012,1,1,1,1,NA,8.9243473e-4,NA,NA,0.0026342187,0.043199636,0.076314405,0.21074623,1,1,0.16280241,0.012348572,0,6.2248178,0.0048186998,0.87689584,0.7611475
MN,Minnesota,2014,1,1,1,1,NA,0.0012604789,NA,NA,0.0024042206,0.17109971,0.065382369,0.3742975,1,1,0.1072707,0.00914637,1,2.3955147,NA,0.82527971,0.50508094
MN,Minnesota,2016,1,1,1,1,NA,6.5895385e-4,NA,NA,0.0020448968,0.075431183,0.07576482,0.23348211,1,1,0.15444912,0.020148177,1,6.8095851,0.0077647599,0.8865658,0.7484026
MO,Missouri,2008,1,1,NA,NA,NA,NA,0.0023174956,0.0017252541,0.0018226488,0.042621091,0.046064563,0.19128491,0.95685136,1,0.16619581,0.099153794,0,25.948952,NA,0.85468245,0.69138604
MO,Missouri,2010,1,1,1,0,0,NA,0.0018590366,0.0010258999,0.0010335409,0.036776628,0.077058822,0.61004174,0.97610974,1,0.1527473,0.044920672,0,NA,NA,0.81763732,0.44467643
MO,Missouri,2012,1,1,1,0,0,0.084380686,0.0022504414,0.0015879464,0.0017868357,0.045915473,0.038608871,0.21689971,0.99688709,1,0.16751409,0.075805716,0,12.708758,NA,0.86794096,0.62512809
MO,Missouri,2014,1,1,1,0,0,2.7753014e-4,6.3683506e-4,4.2544026e-4,9.3504082e-4,0.063870698,0.027162978,0.42073897,1,1,0.14241342,0.032540061,1,3.1394763,NA,0.83450449,0.31784981
MO,Missouri,2016,1,1,1,0,0,0.0051779333,0.0020060695,0.0012788115,0.0019668073,0.047387026,0.015799046,0.26176393,0.93338853,1,0.17090154,0.057231013,1,13.852711,NA,0.85385305,0.62315291
MS,Mississippi,2008,0,0,NA,NA,NA,NA,NA,NA,NA,NA,NA,NA,0.73522353,0,0.18534994,0.082517818,0,11.003478,NA,0.86822695,0.61033803
MS,Mississippi,2010,1,0,0,0,0,NA,NA,NA,NA,NA,NA,0.19803064,0.78488696,0,0.18514644,0.028362807,0,NA,NA,0.82203442,0.36976951
MS,Mississippi,2012,1,0,0,0,0,NA,NA,NA,NA,NA,NA,NA,0.72145492,0,0.20690326,0.064829573,0,7.6922841,NA,0.90198112,0.59715945
MS,Mississippi,2014,1,0,1,0,0,NA,0.0068130037,0.0014530215,9.0705702e-4,0.091957614,0.016393442,0.45183486,0.93520528,0,0.18549965,0.019775048,0,2.4311097,NA,0.85243696,0.28886363
MS,Mississippi,2016,1,1,1,0,0,0.0021845177,0.017772254,0.0044271462,0.0013073062,0.060113691,0.0089538172,0.26599792,0.94117647,0,0.1873583,0.074973874,0.5,8.0150881,NA,0.87040883,0.55569112
MT,Montana,2008,0,0,NA,NA,NA,0.0098771993,0.0075603044,2.0096503e-4,0.0039429339,0.040864982,0.067111276,0.32452235,0.99594539,0,0.13680297,0.037115555,0,6.151454,0.011682765,0.80206931,0.67075151
MT,Montana,2010,1,1,0,1,0,0.01654961,0.0074585397,3.4323445e-4,0.0021874388,0.092260964,0.037785016,0.6082828,0.99953473,1,0.11883008,0.032883274999999997,0,NA,NA,0.77676022,0.48410967
MT,Montana,2012,1,1,1,1,0,0.011017652,0.011305659,5.447531e-4,0.0017338597,0.092669837,0.0099293906,0.32993457,1,1,0.13012452,0.055354655,0,16.500921,0.0163304,0.82720506,0.63631624
MT,Montana,2014,1,1,1,1,0,0.033067964,0.012206051,4.1997587e-4,0.0025011301,0.11135978,0.012626262,0.34151787,1,1,0.10064928,0.033373777,0,2.1021338,NA,0.74180895,0.47262946
MT,Montana,2016,1,1,1,1,0,0.006037029,0.014732028,6.0746644e-4,0.0021764322,0.050939344,0.007746479,0.15023097,0.94444442,1,0.084571235,0.048443869,0,3.2841644,0.029171931,0.82239437,0.64260685
NC,North Carolina,2008,1,1,NA,NA,NA,0.032517947,0.012442036,0.0063318931,0.0061039184,0.14487933,0.07939408,0.32958293,1,1,0.16834645,0.075279579,0,21.043921,0.010054262,0.84509921,0.66135651
NC,North Carolina,2010,1,1,1,1,1,0.090812206,0.0097222729,0.0039111995,2.7585379e-4,0.11783835,0.083762445,0.78186274,1,1,0.14249183,0.031586118,0,NA,NA,0.79335552,0.39793816
NC,North Carolina,2012,1,1,1,1,1,0.042992044,0.011276444,0.0061303219,4.9276068e-4,0.10708314,0.0089706071,0.20891842,1,1,0.17357709,0.077260487,0,13.546648,0.0081708999,0.88821244,0.65163881
NC,North Carolina,2014,1,1,1,1,1,0.061113749,0.0064251767,0.0033573767,0.0013204014,0.19062819,0.0084997872,0.28174603,1,1,0.12984751,0.02300629,0,8.7539063,NA,0.83044565,0.41218305
NC,North Carolina,2016,1,1,1,1,1,0.10580328,0.012929739,0.0071971421,0.0010364174,0.15636574,0.013194882,0.18767193,1,1,0.16480404,0.072475128,0,14.256379,0.0058864000999999996,0.8798371,0.65172887
ND,North Dakota,2008,1,NA,NA,NA,NA,NA,NA,NA,0.001202795,0.06355159,0.022593319,0.23375653,1,1,0.10326316,0.022512216,NA,5.3196974,0.016180212,NA,0.63620675
ND,North Dakota,2010,1,NA,1,1,NA,NA,NA,NA,7.5506454e-4,0.061139148,0.0054644807,0.33834586,1,1,0.075032964,0.014874974,NA,NA,NA,NA,0.4666774
ND,North Dakota,2012,1,NA,1,1,NA,NA,NA,NA,0.0011004203,0.054636128,0.013584905,0.18306351,1,1,0.10116036,0.023247866,NA,7.4575806,0.0089915004,NA,0.61075699
ND,North Dakota,2014,1,NA,1,1,NA,NA,NA,NA,0.0023522044,0.061476897,0.013605442,0.2017291,1,1,0.07649231,0.018194163,NA,3.7932556,NA,NA,0.44983187
ND,North Dakota,2016,1,NA,1,1,NA,NA,NA,NA,0.0017459886,0.049674928,0.032666668,0.13494809,1,1,0.1006645,0.023739863,NA,6.714323,0.01595965,NA,0.61933815
NE,Nebraska,2008,1,1,NA,NA,NA,0.004634853,0.019066742,0.0041994136,0.0022986524,0.040135108,0.078510873,0.18824582,1,0,0.089563817,0.070846185,0,9.2907486,0.013107155,0.82733786,0.63694274
NE,Nebraska,2010,1,1,0,0,1,NA,0.011101975,0.0020039165,0.0021191069,0.081557982,0.11609907,0.63890439,0.97425491,0,0.086546808,0.029165015,0,NA,NA,0.77378279,0.37971747
NE,Nebraska,2012,1,1,0,1,1,0.0034176554,0.018551487,0.003994762,0.0048334412,0.10554636,0.045931105,0.1462063,0.98224187,1,0.091397166,0.078702815,0,5.8412137,0.01226741,0.81491697,0.60837871
NE,Nebraska,2014,1,1,0,1,1,0.0019133525,0.011359044,0.0021217803,0.0033738301,0.079216339,0.05652174,0.30722892,1,1,0.08423692,0.027151709,0,3.0101888,NA,0.77579868,0.41495216
NE,Nebraska,2016,1,1,1,1,1,0.0017888187,0.018638447,0.0044377251,0.00309836,0.039303772,0.046890423,0.1850362,1,1,0.10420382,0.066933259,1,5.6218939,0.01899432,0.85564429,0.6375072
NH,New Hampshire,2008,0,0,NA,NA,NA,NA,NA,NA,0.0017639627,0.047409281,0.043616407,0.1798152,0.6875,0,0.1706019,0.021972194,0,7.4609556,0.011948836,0.84311956,0.72528136
NH,New Hampshire,2010,1,1,0,1,NA,NA,NA,NA,0.0014563643,0.053024717,0.042845596,0.47249466,0.8125,0,0.11234184,0.014918108,0,NA,NA,0.77566648,0.46197784
NH,New Hampshire,2012,1,1,0,1,NA,1.7280709e-5,NA,NA,0.002414081,0.047279175,0.073371597,0.12664042,1,0,0.15795779,0.020031467,0,10.682251,0.0109887,0.84158385,0.70895821
NH,New Hampshire,2014,1,1,0,1,NA,0,NA,NA,0.0015756885,0.048776973,0.077574044,0.20337078,1,0,0.1003753,0.016732253,0,5.17061,NA,0.78322262,0.48362997
NH,New Hampshire,2016,1,1,1,1,NA,0,NA,NA,0.002062906,0.034984641,0.049382716,0.12195122,1,0,0.15510112,0.015562129,0,5.1819267,0.0152861,0.86832356,0.72531295
NJ,New Jersey,2008,1,1,NA,NA,NA,0.045373764,0.018294623,0.0046115052,0.00165873,0.43372211,0.029427836,0.31583443,0.89547557,NA,0.19134796,0.065951191,0,7.3512292,0.018342191,0.85469848,0.67691541
NJ,New Jersey,2010,1,1,0,0,0,0.083603606,0.0080460617,0.0015350736,0.0015382851,0.21924691,0.045346063,0.749744,1,0,0.11554985,0.028560912,0,NA,NA,0.81946808,0.37782177
NJ,New Jersey,2012,1,1,0,0,0,0.086024396,0.026507678,0.0035570718,0.0017767684,0.15606286,0.014408424,0.28989309,1,0,0.1966214,0.053211547,0,4.7182956,0.0101081,0.8654117,0.62615234
NJ,New Jersey,2014,1,1,0,1,1,0.11371217,0.0083984081,0.0015024297,0.0028446552,0.30119029,0.028074866,0.50299001,1,0,0.10959952,0.02505002,0,1.9838659,NA,0.81191552,0.32540774
NJ,New Jersey,2016,1,1,0,0,0,0.010785835,0.014174047,0.0026755596,0.0025161076,0.13634729,0.010742123,0.18985999,1,0,0.16536908,0.049907219,0.5,6.7496839,0.01278143,0.86782289,0.65487987
NM,New Mexico,2008,1,1,NA,NA,NA,NA,0.0085491231,NA,0.0016928337,NA,0.020134227,0.25461921,0.81181997,NA,0.16679956,0.06040423,0,12.257025,0.0038482537,0.80825561,0.61158615
NM,New Mexico,2010,1,1,0,0,1,NA,0.0095654149,0.0019380553,NA,0,0.018242123,0.013029316,0.89555162,1,0.1634693,0.037951004000000003,0,NA,NA,0.74714977,0.4307647
NM,New Mexico,2012,1,1,1,0,1,NA,0.0096772658,0.0032016651,0.0021323441,0.062351856,0.029638411,0.32988721,0.96059555,1,0.1630815,0.060058329,0,4.2200513,0.0035041,0.82494825,0.54910344
NM,New Mexico,2014,1,1,0,0,0,NA,0.0045029023,0.0015323712,6.0476735e-4,0.17558567,0.036117382,0.35303265,0.92755347,1,0.1341615,0.025937613,0,5.4415598,NA,0.74099231,0.35686597
NM,New Mexico,2016,1,1,1,0,1,NA,0.0070834896,0.0039324788,NA,0.11854047,NA,0.2006665,0.9304778,1,0.1428771,0.06389387,1,5.6063738,0.0071560699,0.75527108,0.55201864
NV,Nevada,2008,1,1,NA,NA,NA,0.061280455,0.0068070833,0.0039401292,0.0056215394,0.088047184,0.12855615,0.37444875,0.99662602,1,0.098960839,0.094575085,0,12.102347,0.0022381004,0.77600545,0.57166505
NV,Nevada,2010,1,1,0,1,0,0.00438336,0.0041489289,0.0019220323,0.0013233892,0.14117,0.12393162,0.26915887,0.98747236,1,0.10196193,0.033713557,0,NA,NA,0.71279645,0.41245338
NV,Nevada,2012,1,1,0,1,0,0.039069671,0.0081835622,0.0047761188,0.0011397444,0.14979157,0.043371521,0.17925259,1,1,0.12433895,0.082265116,1,8.453208,0.0017174,0.78990161,0.57231605
NV,Nevada,2014,1,1,1,1,0,0.094220415,7.7097653e-4,3.6739022e-4,0.0020106924,0.1558947,0.066471167,0.45086393,1,1,0.089832969,0.026619682,1,2.8869951,NA,0.68529665,0.29008642
NV,Nevada,2016,1,1,1,1,1,0.12015194,0.0060762502,0.004016865,0.0010429848,0.15594716,0.013178538,0.13653928,1,1,0.12049805,0.048186664,1,10.01785,3.9099999e-5,0.80435693,0.57300067
NY,New York,2008,1,1,NA,NA,NA,NA,NA,NA,NA,NA,NA,NA,0,1,0.17072251,0.061922293,0,8.5438099,0.01088643,0.83932185,0.59631914
NY,New York,2010,1,1,0,0,0,NA,NA,NA,NA,NA,0.25336698,0.60260177,0.66758144,1,0.14412066,0.025622599,0,NA,NA,0.78455317,0.36278763
NY,New York,2012,1,1,0,0,0,NA,0.068902984,0.018127322,NA,NA,0.17313348,0.30832186,0.8380723,1,0.16882285,0.053216044,1,9.5384398,0.0077084,0.82542503,0.53602135
NY,New York,2014,1,1,0,0,0,0.13403246,0.01332821,0.0055674999,0.003042775,0.25094777,0.080987364,0.66187793,0.90625352,1,0.13855752,0.024116114,1,4.6248837,NA,0.76459599,0.28977808
NY,New York,2016,1,1,0,0,0,0.063342966,0.034765225,0.015498113,0.0029319609,0.1884263,0.082226932,NA,0.93282092,1,0.14650241,0.046768747,1,8.6119461,0.01029071,0.83054924,0.57293338
OH,Ohio,2008,1,0,NA,NA,NA,NA,0.035562813,0.0068449173,0.0046071894,0.050632503,0.049000692,0.18513021,0.97452903,0,0.15677163,0.080911756,0,15.594967,0.013049359,0.84420574,0.67817849
OH,Ohio,2010,1,1,0,0,0,0.02317661,0.026743155,0.0029985206,0.0035691443,0.08309903,0.05558455,0.61841023,0.99058723,1,0.12281866,0.047225006,0,NA,NA,0.79088688,0.46214172
OH,Ohio,2012,1,1,0,0,0,0.069668479,0.03694449,0.0060936473,0.0022812563,0.064136773,0.022853142,0.20560029,0.99210685,1,0.13769524,0.080254257,0,11.001864,0.0091613997,0.84966081,0.65152693
OH,Ohio,2014,1,1,0,0,0,0.053484913,0.015639346,0.0015029163,0.0033480683,0.12973218,0.021527423,0.34399456,0.99511135,1,0.11194148,0.030391965,0.5,2.3911064,NA,0.77295595,0.36204764
OH,Ohio,2016,1,1,1,1,0,0.056639645,0.027634615,0.0040976233,0.0018169851,0.062198486,0.014606989,0.19409069,1,1,0.12379792,0.056185506,0.5,6.3201694,0.01267806,0.81584281,0.64181411
OK,Oklahoma,2008,1,0,NA,NA,NA,NA,0.0019102268,0.0015921948,0.0013616384,0.1699076,0.059502397,0.27724665,0.94444442,0,0.18444355,0.094141603,0,22.382929,NA,0.81081331,0.5630492
OK,Oklahoma,2010,1,0,0,0,0,NA,6.7081489e-4,5.5869296e-4,0.0011585931,0.080973275,0.083158627,0.71962041,0.94238126,0,0.1554832,0.052150387,0,NA,NA,0.70270431,0.38696086
OK,Oklahoma,2012,1,0,0,0,0,NA,0.0039549493,0.0026716194,0.0014180649,0.1564268,0.054576855,0.31063893,0.94444442,0,0.1740918,0.097731635,0,15.889287,0.0063332999,0.7696237,0.49157214
OK,Oklahoma,2014,1,1,1,1,1,0.076044902,0.0019464467,9.4597065e-4,8.6724071e-4,0.25836253,0.0522293,0.82841527,1,0,0.1344552,0.034512721,0,4.0162339,NA,0.74037176,0.29779142
OK,Oklahoma,2016,1,1,1,1,1,0.067791007,0.0050317128,0.0036977015,0.0020231933,0.17058699,0.052150659,0.34477219,1,0,0.15385503,0.078254454,0,16.166506,NA,0.78261131,0.52379507
OR,Oregon,2008,0,1,NA,NA,NA,NA,0.0017070848,NA,0.00699959,0.13669474,NA,NA,0.65416294,1,0.098050378,0.13361974,0,NA,0.0094225667,0.85046649,0.68334353
OR,Oregon,2010,1,1,0,1,0,NA,8.6470641e-4,5.9843598e-5,0.0086860629,0.27986875,0.076875128,0.65326744,0.9049812,1,0.046748143,0.094155177,1,NA,NA,0.84192139,0.53898871
OR,Oregon,2012,1,1,1,1,0,NA,9.7280595e-4,4.1197316e-5,0.0073375166,0.1704226,0.020767724,0.34344789,0.93885291,1,0.11949157,0.13784543,1,NA,0.0171584,0.85867757,0.64343691
OR,Oregon,2014,1,1,1,1,0,NA,4.5713929e-5,6.5305613e-7,0.0066879475,0.28824612,0.017668776,0.73949361,0.94444442,1,0.063312106,0.090546876,1,0.45563427,NA,0.8415758,0.53498745
OR,Oregon,2016,1,1,1,1,0,NA,6.6294509e-5,3.1684875e-5,0.0085666152,0.19670923,0.019070983,0.23420142,0.88235295,1,0.089583896,0.13933808,1,0.48872867,0.024427621,0.88636363,0.68259197
PA,Pennsylvania,2008,1,0,NA,NA,NA,0.36857086,0.0054185581,0.0023927107,3.2002729e-4,0.11320093,0.0066624959,0.20628615,0.94446522,1,0.16668096,0.058227487,0,14.494613,0.015379758,0.81388015,0.64193213
PA,Pennsylvania,2010,1,1,0,0,1,0.55457765,0.0023761287,9.1878948e-4,5.8490835e-4,0.10809176,0.018584615,0.64739835,1,1,0.13227864,0.031236235,0,NA,NA,0.76336199,0.41721499
PA,Pennsylvania,2012,1,1,0,0,1,0.027639681,0.0084722014,0.00350265,3.1900429e-4,0.12113979,0.018818948,0.3073439,1,1,0.15651499,0.039013084,0,9.0927134,NA,0.80986834,0.5935306
PA,Pennsylvania,2014,1,1,0,0,1,0.046164937,0.0023563346,8.1401161e-4,6.7146058e-4,0.098865241,0.019711902,0.63583654,1,1,0.13057473,0.026979366,0,1.4642868,NA,0.76574993,0.36031824
PA,Pennsylvania,2016,1,1,0,0,1,0.094189964,0.0042504198,0.0015092036,4.0718928e-4,0.088924713,0.027273124,0.24503048,1,1,0.1544196,0.039765775,1,11.497817,NA,0.82051373,0.6355086
RI,Rhode Island,2008,1,1,NA,NA,NA,NA,0.0015828979,6.3626282e-4,1.8105e-4,0.028080158,NA,0.20533334,0.5,0,0.23239689,0.081606768,0,5.2357945,0.0077025332,0.84173012,0.62260741
RI,Rhode Island,2010,1,1,1,1,1,NA,0.0026504444,0.0010567132,3.8110965e-4,0.10819118,0,0.35881105,0.94398928,0,0.18157698,0.044674147,0,NA,NA,0.80480623,0.44896615
RI,Rhode Island,2012,1,1,1,1,1,NA,0.0052193017,0.0028233386,7.2188897e-4,0.098874748,0.0017271157,0.33217993,0.94551134,0,0.21198045,0.064453341,0,11.675141,0.0088438001,0.8356545,0.5801999
RI,Rhode Island,2014,1,1,1,1,1,NA,0.006251384,0.0030362131,0.001364931,0.12383868,0,0.26923078,0.94444442,0,0.13385211,0.038662445,0,2.5355234,NA,0.79212815,0.42236936
RI,Rhode Island,2016,1,1,1,1,1,NA,0.0084400494,0.0040805289,0.002257495,0.069341958,0,0.19503993,0.94117647,0,0.18508898,0.043710753,1,8.2429132,0.01159525,0.85853094,0.5974167
SC,South Carolina,2008,0,1,NA,NA,NA,NA,0.0049405713,0.0025850113,5.5896339e-4,0.025751909,0.030862126,0.26298004,0.87961721,0,0.2167241,0.075132675,0,61.502129,0.010564621,0.80662441,0.58203787
SC,South Carolina,2010,1,1,0,1,1,NA,NA,NA,4.7403551e-4,0.033289764,0.020360218,0.27319294,0.88939804,0,0.17614615,0.059540186,0,NA,NA,0.77754611,0.40336475
SC,South Carolina,2012,1,1,0,1,1,NA,NA,NA,3.2803166e-4,0.031749219,NA,0.22334675,0.81804413,0,0.21609727,0.060796596,1,25.176964,0.0087801004,0.82490778,0.57089269
SC,South Carolina,2014,1,1,1,1,1,NA,0.0038157562,0.0015805189,4.2247571e-4,0.037318189,0.0072568939,0.32118228,0.94444442,1,0.15750588,0.028396465,1,8.4038744,NA,0.79480493,0.35212055
SC,South Carolina,2016,1,1,1,1,1,NA,0.0047530485,0.0022753456,0.0013680309,0.021773502,0.0061206645,0.20375957,0.88235295,1,0.1745697,0.049188338,1,18.737261,0.0096803298,0.83302152,0.57289356
SD,South Dakota,2008,1,1,NA,NA,NA,NA,8.3902362e-4,NA,NA,0.024725407,NA,0.14273205,0.81194723,0,0.079558954,0.077785924,0,3.9125009,0.01412831,0.83616114,0.65589279
SD,South Dakota,2010,1,1,1,1,0,0.0034499106,2.2677824e-4,2.106289e-4,6.2000984e-4,NA,NA,0.25810811,0.96940643,0,0.097336218,0.047196515,0,NA,NA,0.81180298,0.53863603
SD,South Dakota,2012,1,1,1,1,0,NA,0.0011957182,9.3000307e-4,4.0128411e-4,0.021500451,0.056004979,0.21797419,0.97259539,0,0.092500113,0.08560098,0,4.2746549,0.0129012,0.83136529,0.60144371
SD,South Dakota,2014,1,1,1,1,0,6.3113205e-4,0.0017330348,0.0011742195,6.1186741e-4,0.022139581,0.035532996,0.29590017,1,0,0.089118145,0.040247951,0,1.934741,NA,0.75252718,0.44947004
SD,South Dakota,2016,1,1,1,1,0,3.8931583e-4,0.0010161184,NA,9.6517848e-4,0.0079744337,0.034616631,0.30143356,0.98481649,0,0.099961251,0.062407177,0,4.7498422,0.02348844,0.84178227,0.59873873
TN,Tennessee,2008,1,1,NA,NA,NA,NA,0.001677464,0.0010579634,9.7860536e-4,NA,0.053777374,0.17403403,0.88425994,0,0.17391336,0.10324624,0,19.433647,0.0065218727,0.80224723,0.57377338
TN,Tennessee,2010,1,1,0,0,0,NA,3.966626e-4,2.56075e-4,1.1353687e-4,0.066014983,0.038747177,0.29340634,0.97998232,1,0.1629366,0.049555533,0,NA,NA,0.76300329,0.34652776
TN,Tennessee,2012,1,1,0,0,0,NA,0.0028582581,0.0022038706,2.4756248e-4,0.073692329,0.059096895,0.22130366,0.98988676,1,0.16834518,0.068415232,0,13.694903,0.0087110996,0.78623974,0.52610034
TN,Tennessee,2014,1,1,1,0,0,0.10002981,0.0010257902,5.9435697e-4,8.5582986e-5,0.10246083,0.036512669,0.3652381,0.99554688,1,0.14190437,0.038934905,0,6.5825377,NA,0.74312264,0.2856352
TN,Tennessee,2016,1,1,1,0,0,0.073293753,0.0045920452,0.0033065241,2.3298108e-4,0.092358723,0.041996829,0.2111828,1,1,0.14362681,0.078301311,0,10.076122,0.01463263,0.78516406,0.51190656
TX,Texas,2008,0,1,NA,NA,NA,0.21318045,0.0051113367,0.0039379727,0.0019582328,0.087005034,0.064478718,0.3066428,0.97398418,1,0.13463944,0.069537446,0,12.033781,NA,0.79473174,0.54105145
TX,Texas,2010,1,1,0,0,0,0.069752134,0.0027963528,0.0021549424,6.0908525e-4,0.083317935,0.041842178,0.74757648,0.99996513,1,0.10881554,0.029735807,0,NA,NA,0.74959004,0.32165542
TX,Texas,2012,1,1,0,0,0,0.026014172,0.0063532582,0.0052230144,5.6158792e-4,0.063416153,NA,0.47364542,0.94504744,1,0.12941456,0.064973019,0,12.435968,NA,0.77087474,0.49650645
TX,Texas,2014,1,1,0,0,0,0.055307537,0.0045092013,0.0033226092,0.0011103952,0.14026079,0.082598604,0.46379879,0.97493243,1,0.097435705,0.028646864,0,7.2449918,NA,0.72803783,0.28341606
TX,Texas,2016,1,1,0,0,0,NA,0.0077391514,0.006303763,9.6063962e-4,0.10227082,0.026136719,0.29454398,0.95538718,1,0.1183734,0.053245008,0.5,10.979251,NA,0.80346882,0.51591444
UT,Utah,2008,1,0,NA,NA,NA,NA,0.045286573,0.0071467324,0.0017521,0.25002283,0.042249147,0.31199837,0.97351402,1,0.14134705,0.093326017,0,13.730141,0.01937324,0.75816345,0.57118922
UT,Utah,2010,1,1,1,1,1,0.022325568,0.029825158,0.0046305223,0.001741995,0.30752203,0.021871204000000002,0.72176874,1,1,0.12088554,0.032663912,1,NA,NA,0.73988795,0.36712131
UT,Utah,2012,1,1,1,1,1,0.033275742,0.052278709,0.0099683683,0.0019559429,0.22574496,0.01578073,0.2831068,0.94444442,1,0.1552075,0.10198568,1,10.318466,0.0110285,0.76789743,0.56044292
UT,Utah,2014,1,1,1,1,1,NA,NA,NA,NA,NA,NA,NA,NA,1,0.11067366,0.026653657,1,5.0491056,NA,0.6988709,0.30229947
UT,Utah,2016,1,1,1,1,1,0.057070326,0.030828115,0.0036597173,0.0062822602,0.29105332,0.041785374,0.44762179,0.99974877,1,0.12134106,0.081830457,1,8.6759596,0.0076086698,0.81341463,0.57734311
VA,Virginia,2008,1,1,NA,NA,NA,0.052208442,0.0024943568,0.0017967689,0.0017925022,0.073189117,0.077756509,0.29941094,0.99783975,0,0.17687869,0.10059811,0,28.682362,0.0078867888,0.87305582,0.67556769
VA,Virginia,2010,1,1,1,1,1,0.081794374,0.001297807,9.4016496e-4,2.8087542e-4,0.037009574,0.079323798,0.17717004,0.94568932000000006,0,0.12897632,0.04375926,0,NA,NA,0.83182275,0.39164284
VA,Virginia,2012,1,1,1,1,1,0.024470968,0.0033006179,0.0020775776,5.8457535e-4,0.039965089,0.017418033,0.16928767,0.99719095,0,0.1964353,0.07693179,0,23.645611,0.0108696,0.86123008,0.66936499
VA,Virginia,2014,1,1,1,1,1,0.080045976,0.0012254082,7.6320476e-4,2.6502696e-4,0.043761283,0.079323798,0.17492537,1,1,0.12560894,0.039244249,1,2.6977124,NA,0.83560544,0.36649948
VA,Virginia,2016,1,1,1,1,0,0.085324675,0.0032780305,0.002393713,7.8772823e-4,0.055131685,0.064245656,0.20484273,0.94117647,1,0.1685483,0.065012857,1,10.424809,0.01131805,0.86525309,0.66110134
VT,Vermont,2008,0,0,NA,NA,NA,0.0022087798,1.018455e-4,8.9863679e-6,0.0037844055,0.031025255,0.059860788,0.15514533,0.99538296,0,0.13854671,0.04103221,0,2.4800456,0.0068896827,0.83425081,0.67710292
VT,Vermont,2010,0,0,0,0,0,NA,5.1123654e-5,1.7041219e-5,0.0024534017,0.035228401,NA,0.38177013,0.90780205,0,0.1157122,0.030813145,0,NA,NA,0.83081299,0.49942496
VT,Vermont,2012,0,0,0,0,0,NA,6.5229331e-5,NA,NA,0.043457173,0.018096514,0.21250001,0.92719197,0,0.096562542,0.047906119,0,1.9596695,0.0082938001,0.82668579,0.60861808
VT,Vermont,2014,1,0,0,0,0,0.018954385,5.927536e-5,1.9758452e-5,0.00157443,0.033480465,0.017639078,NA,0.97631067,1,0.098646671,0.031306967,0,1.5823668,NA,0.76793319,0.38820198
VT,Vermont,2016,1,1,1,1,0,0.009852617,3.4324908e-5,9.361338e-6,0.0016569569,0.041863725,0.058877226,0.040897574,1,1,0.073288046,0.044644661,1,1.9144578,0.01685041,0.86687744,0.6475659
WA,Washington,2008,0,1,NA,NA,NA,NA,0.01759579,0.0037592945,0.0081960885,0.134653,0.011588892,0.2820906,0.88696021,1,0.064154357,0.10604227,1,NA,0.011300022,0.84190774,0.67342186
WA,Washington,2010,1,1,1,0,0,NA,0.0023624205,5.8816903e-4,0.013356777,0.27433667,0.013017246,0.60487407,0.965042,1,0.057559416,0.10183754,1,NA,NA,0.82723242,0.54327881
WA,Washington,2012,1,1,1,0,0,0.011689576,0.0021306786,9.5119583e-4,0.0093491636,0.18062365,0.011005661,0.36656836,1,1,0.034531958,0.11444009,1,NA,0.0149461,0.84011853,0.6504631
WA,Washington,2014,1,1,1,1,0,0.0085715391,5.5946124e-4,7.904919e-5,0.012602699,0.45111397,0.014006792,0.72428256,1,1,0.048342958,0.096154541,1,0.406409,NA,0.81690556,0.43112576
WA,Washington,2016,1,1,1,1,NA,0.011521148,0.0018371007,4.9145939e-4,0.0090121692,0.22712481,0.021507669,0.42615172,1,1,0.034169056,0.088546932,1,1.4736384,0.01380848,0.87161762,0.6566934
WI,Wisconsin,2008,1,1,NA,NA,NA,NA,7.0406815e-5,3.9040744e-5,9.1395387e-4,0.053276166,0.039233819,0.3104991,0.88159943,1,0.17287897,0.0081732906,0,7.9361973,0.0044886847,0.86915678,0.72732556
WI,Wisconsin,2010,1,1,1,1,1,NA,2.9290337e-5,1.510283e-5,0.0013226417,0.058179226,0.12078831,0.64140302,0.8888889,1,0.1109217,0.016304728,0,NA,NA,0.81103772,0.52064031
WI,Wisconsin,2012,1,1,1,1,1,0.0012219832,4.4616947e-5,2.5015148e-5,0.0013365236,0.06692224,0.070657797,0.33584625,0.99906033,1,0.22164091,0.012357119,0,8.2153187,0.0029845,0.87777793,0.72471416
WI,Wisconsin,2014,1,1,1,1,1,0.0017994567,2.2293341e-5,1.5275067e-5,6.1513105e-4,0.023623193,0.054771785,0.37560976,1,1,0.12075263,0.016152857,0,2.6917048,NA,0.81832284,0.56511331
WI,Wisconsin,2016,1,1,1,1,1,NA,2.5125293e-4,2.0046775e-4,9.488807e-5,0.11871876,0.0070181163,0.31482881,0.94444442,1,0.15927273,0.018562004,1,6.0834522,0.0077106901,0.8416695,0.69401294
WV,West Virginia,2008,1,1,NA,NA,NA,NA,NA,NA,NA,NA,NA,NA,0.76849216,1,0.22706275,0.048615564,0,15.015577,0.031688426,0.78142524,0.51151502
WV,West Virginia,2010,1,1,0,0,0,0.0046140016,NA,0.0019608829,0.0011363872,0.51564848,NA,0.33267522,0.81357104,1,0.16758624,0.032834817,0,NA,NA,0.74902517,0.36704856
WV,West Virginia,2012,1,1,0,1,1,NA,NA,NA,NA,NA,0.001784652,0.20782281,0.96016884,1,0.22853476,0.048617136,0,9.7925844,0.0213969,0.78875029,0.46328065
WV,West Virginia,2014,1,1,0,1,1,0.0049424819,0.0068767499,0.0020005878,1.0802309e-4,0.093262032,0.025157232,0.32911393,1,1,0.17807738,0.034843665,0,3.7717471,NA,0.7566219,0.31166682
WV,West Virginia,2016,1,1,1,1,1,0.0018604187,0.0045021526,0.0011019141,4.6561673e-4,0.08742097,0.0092064887,0.23469837,0.99954605,1,0.21788637,0.051759943,1,7.2751899,0.01519604,0.7749061,0.50101113
WY,Wyoming,2008,1,0,NA,NA,NA,NA,NA,NA,8.8269182e-4,0.027545201,NA,0.23391813,0.88344717,0,0.12815282,0.059820954,0,5.620379,0.0053494009,0.78288245,0.63104463
WY,Wyoming,2010,1,0,0,0,0,NA,NA,NA,0.0011267045,0.044729859,0.033898305,0.48302299,0.89375216,1,0.1332978,0.02094337,0,NA,NA,0.72502559,0.45808017
WY,Wyoming,2012,1,0,0,0,0,NA,NA,NA,7.0602034e-4,0.026822986,0.032615785,0.28489584,0.90053934,1,0.11532616,0.041794114,0,4.5165391,0.0065417001,0.74673194,0.59297657
WY,Wyoming,2014,1,0,0,0,0,NA,NA,NA,0.0014723669,0.040012535,0.03322259,0.4646098,0.89595276,1,0.11382795,0.019362168,0,2.7594376,NA,0.67443436,0.39336205
WY,Wyoming,2016,1,0,0,0,0,NA,1.8709584e-4,1.0913924e-4,7.1720075e-4,0.032027993,0.022508038,0.2211704,0.94444442,1,0.078365310999999993,0.033103615,0,5.7308187,0.01135679,0.79515922000000006,0.60424495
