"state_abb","year","elxn_year","state_year_type","state_year_type2","grant_mil","state_incvote_avglast3"
"AK",1984,1,"core + election",NA,51.7142190443042,0.63954186
"AK",1985,0,"core + nonelection",NA,51.1454256895459,0.6608231
"AK",1986,0,"core + nonelection",NA,47.3356734488336,0.6608231
"AK",1987,0,"core + nonelection",NA,47.8505418484599,0.6608231
"AK",1988,1,"core + election",NA,52.502433282075,0.6608231
"AK",1989,0,"core + nonelection",NA,51.6433560240688,0.661728
"AK",1990,0,"core + nonelection",NA,53.6989197527465,0.661728
"AK",1991,0,"core + nonelection",NA,52.9196639626941,0.661728
"AK",1992,1,"core + election",NA,57.4078745748059,0.661728
"AK",1993,0,NA,NA,59.9956566133875,0.37402168
"AK",1994,0,NA,NA,59.3041949630666,0.37402168
"AK",1995,0,NA,NA,57.9832099163137,0.37402168
"AK",1996,1,NA,NA,53.7719339040951,0.37402168
"AK",1997,0,NA,NA,57.5236102006895,0.40277973
"AK",1998,0,NA,NA,60.5089222460048,0.40277973
"AK",1999,0,NA,NA,83.5937620329238,0.40277973
"AK",2000,1,NA,NA,90.9560437755797,0.40277973
"AK",2001,0,"core + nonelection",NA,101.579831603109,0.6164657
"AK",2002,0,"core + nonelection",NA,132.350232519218,0.6164657
"AK",2003,0,"core + nonelection",NA,119.050981547287,0.6164657
"AK",2004,1,"core + election",NA,125.297388461223,0.6164657
"AK",2005,0,"core + nonelection",NA,117.810048730541,0.6386391
"AK",2006,0,"core + nonelection",NA,118.778933500646,0.6386391
"AK",2007,0,"core + nonelection",NA,112.738450207551,0.6386391
"AK",2008,1,"core + election",NA,97.1865528148148,0.6386391
"AL",1984,1,"core + election",NA,47.7225781949659,0.55980855
"AL",1985,0,NA,NA,50.0675705759223,0.5175767
"AL",1986,0,NA,NA,46.1501518394016,0.5175767
"AL",1987,0,NA,NA,43.6723268084257,0.5175767
"AL",1988,1,NA,NA,48.1443619515102,0.5175767
"AL",1989,0,"core + nonelection",NA,41.0432240371135,0.57228434
"AL",1990,0,"core + nonelection",NA,53.3034035939719,0.57228434
"AL",1991,0,"core + nonelection",NA,57.6060571809479,0.57228434
"AL",1992,1,"core + election",NA,65.8527391839027,0.57228434
"AL",1993,0,NA,NA,73.5076220541891,0.41723302
"AL",1994,0,NA,NA,76.3340163312655,0.41723302
"AL",1995,0,NA,NA,79.3284746827213,0.41723302
"AL",1996,1,NA,NA,75.6238485706743,0.41723302
"AL",1997,0,NA,NA,78.8189667628843,0.44233143
"AL",1998,0,NA,NA,82.9490138794288,0.44233143
"AL",1999,0,NA,NA,89.6006802680368,0.44233143
"AL",2000,1,NA,NA,93.1084173173239,0.44233143
"AL",2001,0,"core + nonelection",NA,98.2687879865869,0.55046844
"AL",2002,0,"core + nonelection",NA,108.391786220832,0.55046844
"AL",2003,0,"core + nonelection",NA,110.827500409341,0.55046844
"AL",2004,1,"core + election",NA,113.18064289368,0.55046844
"AL",2005,0,"core + nonelection",NA,116.574601657831,0.5807239
"AL",2006,0,"core + nonelection",NA,115.849304733138,0.5807239
"AL",2007,0,"core + nonelection",NA,116.660413578675,0.5807239
"AL",2008,1,"core + election",NA,104.22019261194,0.5807239
"AR",1984,1,NA,NA,25.5463374370298,0.51481026
"AR",1985,0,NA,NA,25.5855814318865,0.48841485
"AR",1986,0,NA,NA,25.9648789645628,0.48841485
"AR",1987,0,NA,NA,22.8215015519111,0.48841485
"AR",1988,1,NA,NA,23.6086769818972,0.48841485
"AR",1989,0,"core + nonelection",NA,24.4137991475431,0.5624631
"AR",1990,0,"core + nonelection",NA,28.0795124707378,0.5624631
"AR",1991,0,"core + nonelection",NA,30.0533085169588,0.5624631
"AR",1992,1,"core + election",NA,34.6865606003092,0.5624631
"AR",1993,0,NA,NA,39.4532666368094,0.47191012
"AR",1994,0,NA,NA,40.3790343963721,0.47191012
"AR",1995,0,NA,NA,40.9418647538022,0.47191012
"AR",1996,1,NA,NA,41.4562964603496,0.47191012
"AR",1997,0,NA,NA,42.5095101957151,0.5405115
"AR",1998,0,NA,NA,44.4249488975661,0.5405115
"AR",1999,0,NA,NA,46.3512016109071,0.5405115
"AR",2000,1,NA,NA,49.7985256651601,0.5405115
"AR",2001,0,NA,NA,58.9804252178703,0.444852
"AR",2002,0,NA,NA,63.3031469037685,0.444852
"AR",2003,0,NA,NA,68.2028345193238,0.444852
"AR",2004,1,NA,NA,68.7975737798715,0.444852
"AR",2005,0,NA,NA,65.7444449469628,0.49461204
"AR",2006,0,NA,NA,64.3816053621115,0.49461204
"AR",2007,0,NA,NA,69.5009132180164,0.49461204
"AR",2008,1,NA,NA,65.6248003466667,0.49461204
"AZ",1984,1,"core + election",NA,148.120051083947,0.64603263
"AZ",1985,0,"core + nonelection",NA,134.886893320068,0.6464737
"AZ",1986,0,"core + nonelection",NA,146.062590614288,0.6464737
"AZ",1987,0,"core + nonelection",NA,120.502273373606,0.6464737
"AZ",1988,1,"core + election",NA,135.107649026511,0.6464737
"AZ",1989,0,"core + nonelection",NA,143.760418484248,0.65357435
"AZ",1990,0,"core + nonelection",NA,187.124382316488,0.65357435
"AZ",1991,0,"core + nonelection",NA,197.711267264566,0.65357435
"AZ",1992,1,"core + election",NA,248.796004226574,0.65357435
"AZ",1993,0,NA,NA,301.299451841444,0.40279293
"AZ",1994,0,NA,NA,300.653241886382,0.40279293
"AZ",1995,0,NA,NA,335.36714947687,0.40279293
"AZ",1996,1,NA,NA,310.665239645725,0.40279293
"AZ",1997,0,"swing + nonelection",NA,325.17995769032,0.46392792
"AZ",1998,0,"swing + nonelection",NA,358.221738448962,0.46392792
"AZ",1999,0,"swing + nonelection",NA,379.044280985222,0.46392792
"AZ",2000,1,"swing + election year","swing state
(successor election year)",391.418907096299,0.46392792
"AZ",2001,0,"swing + nonelection",NA,432.172812084902,0.51120245
"AZ",2002,0,"swing + nonelection",NA,513.678045220226,0.51120245
"AZ",2003,0,"swing + nonelection",NA,543.222006518483,0.51120245
"AZ",2004,1,"swing + election year","swing state
(incumbent re-election year)",612.333790110052,0.51120245
"AZ",2005,0,"swing + nonelection",NA,610.038962181429,0.5244461
"AZ",2006,0,"swing + nonelection",NA,606.435765583307,0.5244461
"AZ",2007,0,"swing + nonelection",NA,633.056585053565,0.5244461
"AZ",2008,1,"swing + election year","swing state
(successor election year)",670.619039466667,0.5244461
"CA",1984,1,"core + election",NA,376.425774457848,0.55786633
"CA",1985,0,"core + nonelection",NA,392.130943125811,0.5620443
"CA",1986,0,"core + nonelection",NA,409.865670104242,0.5620443
"CA",1987,0,"core + nonelection",NA,379.824828584795,0.5620443
"CA",1988,1,"core + election",NA,399.962889626059,0.5620443
"CA",1989,0,"core + nonelection",NA,367.637972127869,0.5650093
"CA",1990,0,"core + nonelection",NA,453.35831224603,0.5650093
"CA",1991,0,"core + nonelection",NA,475.006624779351,0.5650093
"CA",1992,1,"core + election",NA,562.128358961259,0.5650093
"CA",1993,0,NA,NA,689.727902596356,0.4949496
"CA",1994,0,NA,NA,761.158782664927,0.4949496
"CA",1995,0,NA,NA,782.380503776833,0.4949496
"CA",1996,1,NA,NA,746.301076871265,0.4949496
"CA",1997,0,NA,NA,789.054284901897,0.54641896
"CA",1998,0,NA,NA,794.32793535496,0.54641896
"CA",1999,0,NA,NA,870.089904700877,0.54641896
"CA",2000,1,NA,NA,865.846567359452,0.54641896
"CA",2001,0,NA,NA,910.750579917406,0.42688003
"CA",2002,0,NA,NA,959.137336796117,0.42688003
"CA",2003,0,NA,NA,999.29158575169,0.42688003
"CA",2004,1,NA,NA,1029.42897109321,0.42688003
"CA",2005,0,NA,NA,1014.94567099417,0.43846473
"CA",2006,0,NA,NA,985.818254878634,0.43846473
"CA",2007,0,NA,NA,1013.79685877722,0.43846473
"CA",2008,1,NA,NA,1390.03899525862,0.43846473
"CO",1984,1,"core + election",NA,38.174271097429,0.61425936
"CO",1985,0,"core + nonelection",NA,37.2654493204061,0.6141124
"CO",1986,0,"core + nonelection",NA,36.1754637337145,0.6141124
"CO",1987,0,"core + nonelection",NA,36.3596387868833,0.6141124
"CO",1988,1,"core + election",NA,38.3785432805088,0.6141124
"CO",1989,0,"core + nonelection",NA,41.6260307731752,0.6075076
"CO",1990,0,"core + nonelection",NA,44.2191488811119,0.6075076
"CO",1991,0,"core + nonelection",NA,48.766636588876,0.6075076
"CO",1992,1,"core + election",NA,52.417920145118,0.6075076
"CO",1993,0,NA,NA,62.8170595851409,0.44827464
"CO",1994,0,NA,NA,60.2873526581725,0.44827464
"CO",1995,0,NA,NA,60.260347564197,0.44827464
"CO",1996,1,NA,NA,59.7745401034406,0.44827464
"CO",1997,0,"swing + nonelection",NA,61.3675778881233,0.4936301
"CO",1998,0,"swing + nonelection",NA,65.4863211163286,0.4936301
"CO",1999,0,"swing + nonelection",NA,71.3101012647972,0.4936301
"CO",2000,1,"swing + election year","swing state
(successor election year)",75.2243773320392,0.4936301
"CO",2001,0,"swing + nonelection",NA,78.6716167684537,0.50814325
"CO",2002,0,"swing + nonelection",NA,84.3112235243266,0.50814325
"CO",2003,0,"swing + nonelection",NA,91.9089623047875,0.50814325
"CO",2004,1,"swing + election year","swing state
(incumbent re-election year)",95.658576869287,0.50814325
"CO",2005,0,"swing + nonelection",NA,89.6126428172022,0.5253709
"CO",2006,0,"swing + nonelection",NA,95.1377841921337,0.5253709
"CO",2007,0,"swing + nonelection",NA,96.1110442712817,0.5253709
"CO",2008,1,"swing + election year","swing state
(successor election year)",96.776869546875,0.5253709
"CT",1984,1,"core + election",NA,357.166886002723,0.55836314
"CT",1985,0,"core + nonelection",NA,366.104266743088,0.56388795
"CT",1986,0,"core + nonelection",NA,352.145498529562,0.56388795
"CT",1987,0,"core + nonelection",NA,357.866927297772,0.56388795
"CT",1988,1,"core + election",NA,385.165578290451,0.56388795
"CT",1989,0,"core + nonelection",NA,361.748601442614,0.5637917
"CT",1990,0,"core + nonelection",NA,422.881420671652,0.5637917
"CT",1991,0,"core + nonelection",NA,487.64983655922,0.5637917
"CT",1992,1,"core + election",NA,510.373347237607,0.5637917
"CT",1993,0,NA,NA,604.287793753104,0.46848267
"CT",1994,0,NA,NA,614.813336112564,0.46848267
"CT",1995,0,NA,NA,628.646144255919,0.46848267
"CT",1996,1,NA,NA,642.646832187165,0.46848267
"CT",1997,0,NA,NA,630.724399799339,0.53969157
"CT",1998,0,NA,NA,655.663149425809,0.53969157
"CT",1999,0,NA,NA,671.219852973601,0.53969157
"CT",2000,1,NA,NA,705.190943757863,0.53969157
"CT",2001,0,NA,NA,730.104049546249,0.4208524
"CT",2002,0,NA,NA,760.653575543783,0.4208524
"CT",2003,0,NA,NA,757.033977006558,0.4208524
"CT",2004,1,NA,NA,750.791014310957,0.4208524
"CT",2005,0,NA,NA,731.868377113472,0.41701964
"CT",2006,0,NA,NA,703.371283246941,0.41701964
"CT",2007,0,NA,NA,734.611862531372,0.41701964
"CT",2008,1,NA,NA,903.3485545,0.41701964
"DC",NA,0,NA,NA,NA,NA
"DE",1984,1,"swing + election year","swing state
(incumbent re-election year)",196.825551123514,0.52951014
"DE",1985,0,"swing + nonelection",NA,174.5335129053,0.52824813
"DE",1986,0,"swing + nonelection",NA,178.86423843766,0.52824813
"DE",1987,0,"swing + nonelection",NA,160.391868899082,0.52824813
"DE",1988,1,"swing + election year","swing state
(successor election year)",165.911902392128,0.52824813
"DE",1989,0,"core + nonelection",NA,174.695397136778,0.5582055
"DE",1990,0,"core + nonelection",NA,190.956789325021,0.5582055
"DE",1991,0,"core + nonelection",NA,201.052639350343,0.5582055
"DE",1992,1,"core + election",NA,230.149265687933,0.5582055
"DE",1993,0,NA,NA,268.389982752699,0.46334377
"DE",1994,0,NA,NA,280.362743672159,0.46334377
"DE",1995,0,NA,NA,310.216763880976,0.46334377
"DE",1996,1,NA,NA,331.531762451784,0.46334377
"DE",1997,0,NA,NA,315.338152504421,0.5252682
"DE",1998,0,NA,NA,318.129942784071,0.5252682
"DE",1999,0,NA,NA,376.641316524195,0.5252682
"DE",2000,1,NA,NA,380.275621655941,0.5252682
"DE",2001,0,NA,NA,387.732611038263,0.43146095
"DE",2002,0,NA,NA,429.863656888938,0.43146095
"DE",2003,0,NA,NA,438.951066071999,0.43146095
"DE",2004,1,NA,NA,445.647848848696,0.43146095
"DE",2005,0,NA,NA,438.869386614658,0.4360159
"DE",2006,0,NA,NA,463.826774928641,0.4360159
"DE",2007,0,NA,NA,469.670065242151,0.4360159
"DE",2008,1,NA,NA,456.740105666667,0.4360159
"FL",1984,1,"core + election",NA,88.3192375160078,0.5949733
"FL",1985,0,"core + nonelection",NA,88.5280584549652,0.57234323
"FL",1986,0,"core + nonelection",NA,90.3656847850442,0.57234323
"FL",1987,0,"core + nonelection",NA,79.469243484283,0.57234323
"FL",1988,1,"core + election",NA,85.855335434969,0.57234323
"FL",1989,0,"core + nonelection",NA,94.0181455307326,0.6187841
"FL",1990,0,"core + nonelection",NA,107.28164066976,0.6187841
"FL",1991,0,"core + nonelection",NA,123.623548752994,0.6187841
"FL",1992,1,"core + election",NA,141.39107326807,0.6187841
"FL",1993,0,NA,NA,190.876976531319,0.40743577
"FL",1994,0,NA,NA,183.078685489184,0.40743577
"FL",1995,0,NA,NA,200.89452922846,0.40743577
"FL",1996,1,NA,NA,194.019178839112,0.40743577
"FL",1997,0,NA,NA,199.227247990777,0.46906036
"FL",1998,0,NA,NA,212.376010163945,0.46906036
"FL",1999,0,NA,NA,223.806859198357,0.46906036
"FL",2000,1,NA,NA,244.315601592502,0.46906036
"FL",2001,0,"swing + nonelection",NA,260.964596765274,0.4934481
"FL",2002,0,"swing + nonelection",NA,279.194849266333,0.4934481
"FL",2003,0,"swing + nonelection",NA,291.488434604989,0.4934481
"FL",2004,1,"swing + election year","swing state
(incumbent re-election year)",320.790669746585,0.4934481
"FL",2005,0,"swing + nonelection",NA,358.673425058846,0.4979111
"FL",2006,0,"swing + nonelection",NA,348.430126166862,0.4979111
"FL",2007,0,"swing + nonelection",NA,324.571282703607,0.4979111
"FL",2008,1,"swing + election year","swing state
(successor election year)",294.63498141791,0.4979111
"GA",1984,1,NA,NA,28.6315751990002,0.5022699
"GA",1985,0,NA,NA,28.566511526455,0.4520107
"GA",1986,0,NA,NA,28.4519014750624,0.4520107
"GA",1987,0,NA,NA,27.1058509543447,0.4520107
"GA",1988,1,NA,NA,30.0821270764367,0.4520107
"GA",1989,0,NA,NA,27.7946862380936,0.54248375
"GA",1990,0,NA,NA,32.8154710462128,0.54248375
"GA",1991,0,NA,NA,37.2222825918942,0.54248375
"GA",1992,1,NA,NA,41.2632650392267,0.54248375
"GA",1993,0,NA,NA,46.7765723989635,0.43313563
"GA",1994,0,NA,NA,50.1546351430482,0.43313563
"GA",1995,0,NA,NA,53.7465751586855,0.43313563
"GA",1996,1,NA,NA,48.9421354037266,0.43313563
"GA",1997,0,"swing + nonelection",NA,51.9056787781003,0.4650208
"GA",1998,0,"swing + nonelection",NA,53.3800848003726,0.4650208
"GA",1999,0,"swing + nonelection",NA,55.8593211390484,0.4650208
"GA",2000,1,"swing + election year","swing state
(successor election year)",63.0176028279453,0.4650208
"GA",2001,0,"swing + nonelection",NA,63.1522993211442,0.520913
"GA",2002,0,"swing + nonelection",NA,75.3389598974343,0.520913
"GA",2003,0,"swing + nonelection",NA,73.6976958087235,0.520913
"GA",2004,1,"swing + election year","swing state
(incumbent re-election year)",80.4158098213871,0.520913
"GA",2005,0,"swing + nonelection",NA,74.007138605162,0.5499008
"GA",2006,0,"swing + nonelection",NA,76.9352499497787,0.5499008
"GA",2007,0,"swing + nonelection",NA,79.2711878406508,0.5499008
"GA",2008,1,"swing + election year","swing state
(successor election year)",89.2845877798742,0.5499008
"HI",1984,1,"swing + election year","swing state
(incumbent re-election year)",195.812408360542,0.53370833
"HI",1985,0,"swing + nonelection",NA,219.882715694808,0.5111234
"HI",1986,0,"swing + nonelection",NA,217.943592182825,0.5111234
"HI",1987,0,"swing + nonelection",NA,232.566514479394,0.5111234
"HI",1988,1,"swing + election year","swing state
(successor election year)",257.396301492864,0.5111234
"HI",1989,0,"swing + nonelection",NA,280.870641381181,0.49937797
"HI",1990,0,"swing + nonelection",NA,309.192876994772,0.49937797
"HI",1991,0,"swing + nonelection",NA,293.554468058033,0.49937797
"HI",1992,1,"swing + election year","swing state
(incumbent re-election year)",352.656141808449,0.49937797
"HI",1993,0,NA,NA,491.432908216609,0.5194084
"HI",1994,0,NA,NA,448.215836810513,0.5194084
"HI",1995,0,NA,NA,397.088420606461,0.5194084
"HI",1996,1,NA,NA,395.62592584776,0.5194084
"HI",1997,0,"core + nonelection",NA,397.122331104803,0.586008
"HI",1998,0,"core + nonelection",NA,410.965572825868,0.586008
"HI",1999,0,"core + nonelection",NA,440.749335814453,0.586008
"HI",2000,1,"core + election",NA,358.560021699253,0.586008
"HI",2001,0,NA,NA,378.131372165808,0.39725524
"HI",2002,0,NA,NA,412.253989043756,0.39725524
"HI",2003,0,NA,NA,415.967892089816,0.39725524
"HI",2004,1,NA,NA,456.074282470177,0.39725524
"HI",2005,0,NA,NA,442.897996976125,0.4049737
"HI",2006,0,NA,NA,466.80147161687,0.4049737
"HI",2007,0,NA,NA,489.137310983174,0.4049737
"HI",2008,1,NA,NA,429.7337278,0.4049737
"IA",1984,1,"core + election",NA,22.89211401417,0.55437255
"IA",1985,0,"swing + nonelection",NA,21.5023645451178,0.537677
"IA",1986,0,"swing + nonelection",NA,20.6373068205725,0.537677
"IA",1987,0,"swing + nonelection",NA,26.7295618733803,0.537677
"IA",1988,1,"swing + election year","swing state
(successor election year)",20.261276794077,0.537677
"IA",1989,0,NA,NA,19.8829820341939,0.51879495
"IA",1990,0,NA,NA,22.3194911061417,0.51879495
"IA",1991,0,NA,NA,23.9893991537158,0.51879495
"IA",1992,1,NA,NA,26.1213609398689,0.51879495
"IA",1993,0,"swing + nonelection",NA,29.6191425689537,0.51719064
"IA",1994,0,"swing + nonelection",NA,33.8255105865286,0.51719064
"IA",1995,0,"swing + nonelection",NA,31.0020055714517,0.51719064
"IA",1996,1,"swing + election year","swing state
(incumbent re-election year)",28.8713995058337,0.51719064
"IA",1997,0,"swing + nonelection",NA,29.5773623006477,0.54871464
"IA",1998,0,"swing + nonelection",NA,32.9195939614633,0.54871464
"IA",1999,0,"swing + nonelection",NA,34.4797729220679,0.54871464
"IA",2000,1,"swing + election year","swing state
(successor election year)",36.4133618467897,0.54871464
"IA",2001,0,"swing + nonelection",NA,39.3213873853484,0.46790433
"IA",2002,0,"swing + nonelection",NA,47.0253493372607,0.46790433
"IA",2003,0,"swing + nonelection",NA,44.3206027196977,0.46790433
"IA",2004,1,"swing + election year","swing state
(incumbent re-election year)",43.4152065343297,0.46790433
"IA",2005,0,"swing + nonelection",NA,42.6687822086098,0.48146838
"IA",2006,0,"swing + nonelection",NA,40.5540453299211,0.48146838
"IA",2007,0,"swing + nonelection",NA,42.6612387999249,0.48146838
"IA",2008,1,"swing + election year","swing state
(successor election year)",49.3944638585859,0.48146838
"ID",1984,1,"core + election",NA,18.0805564967656,0.6846714
"ID",1985,0,"core + nonelection",NA,18.2854753132204,0.6917393
"ID",1986,0,"core + nonelection",NA,18.6626508835872,0.6917393
"ID",1987,0,"core + nonelection",NA,16.3220651196359,0.6917393
"ID",1988,1,"core + election",NA,20.1989251448535,0.6917393
"ID",1989,0,"core + nonelection",NA,19.240975500079,0.69692206
"ID",1990,0,"core + nonelection",NA,17.8656243264544,0.69692206
"ID",1991,0,"core + nonelection",NA,20.2757660636595,0.69692206
"ID",1992,1,"core + election",NA,22.5079944662711,0.69692206
"ID",1993,0,NA,NA,25.1427590985945,0.34591708
"ID",1994,0,NA,NA,26.7824293635406,0.34591708
"ID",1995,0,NA,NA,27.5354436826612,0.34591708
"ID",1996,1,NA,NA,27.9539862032589,0.34591708
"ID",1997,0,NA,NA,28.4794743959289,0.38750556
"ID",1998,0,NA,NA,32.7841853907303,0.38750556
"ID",1999,0,NA,NA,34.2877835425935,0.38750556
"ID",2000,1,NA,NA,36.2013647949291,0.38750556
"ID",2001,0,"core + nonelection",NA,41.8044186962215,0.6376967
"ID",2002,0,"core + nonelection",NA,47.2524797640833,0.6376967
"ID",2003,0,"core + nonelection",NA,45.7842759919976,0.6376967
"ID",2004,1,"core + election",NA,47.9878276399557,0.6376967
"ID",2005,0,"core + nonelection",NA,49.5138429101643,0.66990083
"ID",2006,0,"core + nonelection",NA,46.2002690796126,0.66990083
"ID",2007,0,"core + nonelection",NA,50.567888104595,0.66990083
"ID",2008,1,"core + election",NA,45.9737173863636,0.66990083
"IL",1984,1,"swing + election year","swing state
(incumbent re-election year)",93.0644467567782,0.5488154
"IL",1985,0,"swing + nonelection",NA,91.9277306240331,0.53938586
"IL",1986,0,"swing + nonelection",NA,76.4726398795586,0.53938586
"IL",1987,0,"swing + nonelection",NA,68.2784985703291,0.53938586
"IL",1988,1,"swing + election year","swing state
(successor election year)",75.6829682161857,0.53938586
"IL",1989,0,"swing + nonelection",NA,65.5394435392667,0.53954065
"IL",1990,0,"swing + nonelection",NA,81.5151025349499,0.53954065
"IL",1991,0,"swing + nonelection",NA,84.6999864137589,0.53954065
"IL",1992,1,"swing + election year","swing state
(incumbent re-election year)",98.4704818507093,0.53954065
"IL",1993,0,NA,NA,120.794632122412,0.5035523
"IL",1994,0,NA,NA,125.79703538088,0.5035523
"IL",1995,0,NA,NA,133.717248442411,0.5035523
"IL",1996,1,NA,NA,131.330501964624,0.5035523
"IL",1997,0,"core + nonelection",NA,130.743754670732,0.5571468
"IL",1998,0,"core + nonelection",NA,134.736638892543,0.5571468
"IL",1999,0,"core + nonelection",NA,138.721458828778,0.5571468
"IL",2000,1,"core + election",NA,148.272329059108,0.5571468
"IL",2001,0,NA,NA,152.497777359391,0.4187556
"IL",2002,0,NA,NA,165.360119151555,0.4187556
"IL",2003,0,NA,NA,169.605741650066,0.4187556
"IL",2004,1,NA,NA,173.778326539698,0.4187556
"IL",2005,0,NA,NA,168.689222454584,0.43002087
"IL",2006,0,NA,NA,158.991437497168,0.43002087
"IL",2007,0,NA,NA,174.832415160757,0.43002087
"IL",2008,1,NA,NA,213.292691509804,0.43002087
"IN",1984,1,"core + election",NA,40.5557188325047,0.6004127
"IN",1985,0,"core + nonelection",NA,41.3924862141779,0.5857318
"IN",1986,0,"core + nonelection",NA,37.9240141488607,0.5857318
"IN",1987,0,"core + nonelection",NA,33.8592747238297,0.5857318
"IN",1988,1,"core + election",NA,36.8065035040917,0.5857318
"IN",1989,0,"core + nonelection",NA,35.7379869302001,0.60665584
"IN",1990,0,"core + nonelection",NA,42.2337493343276,0.60665584
"IN",1991,0,"core + nonelection",NA,47.2640579250333,0.60665584
"IN",1992,1,"core + election",NA,53.0036201768695,0.60665584
"IN",1993,0,NA,NA,66.855071926137,0.41321895
"IN",1994,0,NA,NA,61.8737152917887,0.41321895
"IN",1995,0,NA,NA,57.3991483368777,0.41321895
"IN",1996,1,NA,NA,57.0089016013541,0.41321895
"IN",1997,0,NA,NA,60.2780240610246,0.44296902
"IN",1998,0,NA,NA,61.0422858199483,0.44296902
"IN",1999,0,NA,NA,67.5534832423273,0.44296902
"IN",2000,1,NA,NA,76.5773130592756,0.44296902
"IN",2001,0,"swing + nonelection",NA,82.0469630543223,0.54996026
"IN",2002,0,"swing + nonelection",NA,85.5304273370052,0.54996026
"IN",2003,0,"swing + nonelection",NA,86.77477047749,0.54996026
"IN",2004,1,"swing + election year","swing state
(incumbent re-election year)",84.9842894480212,0.54996026
"IN",2005,0,"core + nonelection",NA,91.1170018986624,0.57192224
"IN",2006,0,"core + nonelection",NA,89.0419723851186,0.57192224
"IN",2007,0,"core + nonelection",NA,95.7549124811504,0.57192224
"IN",2008,1,"core + election",NA,91.8704636304348,0.57192224
"KS",1984,1,"core + election",NA,17.1507055161371,0.6232836
"KS",1985,0,"core + nonelection",NA,15.582028965203,0.6146017
"KS",1986,0,"core + nonelection",NA,14.6432790376454,0.6146017
"KS",1987,0,"core + nonelection",NA,13.6001213907887,0.6146017
"KS",1988,1,"core + election",NA,13.3255567047194,0.6146017
"KS",1989,0,"core + nonelection",NA,13.3117694654175,0.62410825
"KS",1990,0,"core + nonelection",NA,15.9315205209985,0.62410825
"KS",1991,0,"core + nonelection",NA,17.7542035217523,0.62410825
"KS",1992,1,"core + election",NA,21.6097203283378,0.62410825
"KS",1993,0,NA,NA,24.5859323901547,0.40900657
"KS",1994,0,NA,NA,24.6743224688348,0.40900657
"KS",1995,0,NA,NA,23.7217653593223,0.40900657
"KS",1996,1,NA,NA,23.1088762411054,0.40900657
"KS",1997,0,NA,NA,24.6494131627742,0.43219692
"KS",1998,0,NA,NA,24.5164228812258,0.43219692
"KS",1999,0,NA,NA,26.9047332483848,0.43219692
"KS",2000,1,NA,NA,28.3005128531593,0.43219692
"KS",2001,0,"core + nonelection",NA,31.7134534309871,0.58176774
"KS",2002,0,"core + nonelection",NA,34.9383579919319,0.58176774
"KS",2003,0,"core + nonelection",NA,35.4733466924743,0.58176774
"KS",2004,1,"core + election",NA,34.3693952536381,0.58176774
"KS",2005,0,"core + nonelection",NA,35.5367062955233,0.6128546
"KS",2006,0,"core + nonelection",NA,31.9006168975664,0.6128546
"KS",2007,0,"core + nonelection",NA,35.1701196822844,0.6128546
"KS",2008,1,"core + election",NA,39.0098059714286,0.6128546
"KY",1984,1,NA,NA,27.3528833136093,0.53889984
"KY",1985,0,"swing + nonelection",NA,25.4096842916589,0.5249754
"KY",1986,0,"swing + nonelection",NA,23.2917664701028,0.5249754
"KY",1987,0,"swing + nonelection",NA,21.5916791706302,0.5249754
"KY",1988,1,"swing + election year","swing state
(successor election year)",22.3589650596228,0.5249754
"KY",1989,0,"core + nonelection",NA,23.3195422940905,0.55666804
"KY",1990,0,"core + nonelection",NA,27.776274800866,0.55666804
"KY",1991,0,"core + nonelection",NA,32.3982251413262,0.55666804
"KY",1992,1,"core + election",NA,37.4796141017338,0.55666804
"KY",1993,0,NA,NA,39.2842319471793,0.45207208
"KY",1994,0,NA,NA,38.5722746652574,0.45207208
"KY",1995,0,NA,NA,41.3302082491419,0.45207208
"KY",1996,1,NA,NA,40.3090146598583,0.45207208
"KY",1997,0,"swing + nonelection",NA,44.0565548339156,0.4884802
"KY",1998,0,"swing + nonelection",NA,47.3515587537795,0.4884802
"KY",1999,0,"swing + nonelection",NA,48.1499624929243,0.4884802
"KY",2000,1,"swing + election year","swing state
(successor election year)",51.1657255642384,0.4884802
"KY",2001,0,"swing + nonelection",NA,53.6630168256705,0.51776654
"KY",2002,0,"swing + nonelection",NA,61.07746211622,0.51776654
"KY",2003,0,"swing + nonelection",NA,61.8718362059286,0.51776654
"KY",2004,1,"swing + election year","swing state
(incumbent re-election year)",61.3677784826806,0.51776654
"KY",2005,0,"core + nonelection",NA,58.8476135231272,0.5573545
"KY",2006,0,"core + nonelection",NA,59.5865702818783,0.5573545
"KY",2007,0,"core + nonelection",NA,58.202686031119,0.5573545
"KY",2008,1,"core + election",NA,67.2735352,0.5573545
"LA",1984,1,"core + election",NA,60.5427877640716,0.5652763
"LA",1985,0,NA,NA,60.2385937070917,0.5375682
"LA",1986,0,NA,NA,60.7981988645477,0.5375682
"LA",1987,0,NA,NA,52.8932777541412,0.5375682
"LA",1988,1,NA,NA,54.7439134872768,0.5375682
"LA",1989,0,"core + nonelection",NA,61.0635669516994,0.5647378
"LA",1990,0,"core + nonelection",NA,70.3012536847646,0.5647378
"LA",1991,0,"core + nonelection",NA,84.5315284148235,0.5647378
"LA",1992,1,"core + election",NA,104.627057637841,0.5647378
"LA",1993,0,NA,NA,124.267407110567,0.45351562
"LA",1994,0,NA,NA,123.755923098373,0.45351562
"LA",1995,0,NA,NA,124.102182134044,0.45351562
"LA",1996,1,NA,NA,104.310161804223,0.45351562
"LA",1997,0,"swing + nonelection",NA,107.142759061383,0.51344895
"LA",1998,0,"swing + nonelection",NA,99.7928675259125,0.51344895
"LA",1999,0,"swing + nonelection",NA,108.001020245091,0.51344895
"LA",2000,1,"swing + election year","swing state
(successor election year)",108.985053358777,0.51344895
"LA",2001,0,"swing + nonelection",NA,121.08199016865,0.48237756
"LA",2002,0,"swing + nonelection",NA,133.200884234795,0.48237756
"LA",2003,0,"swing + nonelection",NA,136.827760848159,0.48237756
"LA",2004,1,"swing + election year","swing state
(incumbent re-election year)",131.476917256904,0.48237756
"LA",2005,0,NA,NA,190.474611017546,0.51569784
"LA",2006,0,NA,NA,377.432804318232,0.51569784
"LA",2007,0,NA,NA,235.318316780488,0.51569784
"LA",2008,1,NA,NA,188.589377953125,0.51569784
"MA",1984,1,"swing + election year","swing state
(incumbent re-election year)",450.279483780926,0.45822307
"MA",1985,0,"swing + nonelection",NA,467.571206058129,0.4779146
"MA",1986,0,"swing + nonelection",NA,451.550047556951,0.4779146
"MA",1987,0,"swing + nonelection",NA,443.653941863429,0.4779146
"MA",1988,1,"swing + election year","swing state
(successor election year)",489.006553370326,0.4779146
"MA",1989,0,"swing + nonelection",NA,465.516925820881,0.4916892
"MA",1990,0,"swing + nonelection",NA,571.820738669372,0.4916892
"MA",1991,0,"swing + nonelection",NA,704.960433207658,0.4916892
"MA",1992,1,"swing + election year","swing state
(incumbent re-election year)",691.55304652341,0.4916892
"MA",1993,0,NA,NA,824.784607109418,0.54892087
"MA",1994,0,NA,NA,847.760184726613,0.54892087
"MA",1995,0,NA,NA,843.943975551701,0.54892087
"MA",1996,1,NA,NA,803.462645298609,0.54892087
"MA",1997,0,"core + nonelection",NA,810.070127242612,0.6157147
"MA",1998,0,"core + nonelection",NA,848.067004301459,0.6157147
"MA",1999,0,"core + nonelection",NA,913.286499592374,0.6157147
"MA",2000,1,"core + election",NA,948.969020011669,0.6157147
"MA",2001,0,NA,NA,963.413662993885,0.34826156
"MA",2002,0,NA,NA,1030.53420561001,0.34826156
"MA",2003,0,NA,NA,1090.36046829255,0.34826156
"MA",2004,1,NA,NA,1092.89849983968,0.34826156
"MA",2005,0,NA,NA,1062.42632786259,0.3460932
"MA",2006,0,NA,NA,985.78068342765,0.3460932
"MA",2007,0,NA,NA,1058.70351393087,0.3460932
"MA",2008,1,NA,NA,1440.21442678571,0.3460932
"MD",1984,1,NA,NA,159.941454679045,0.52487224
"MD",1985,0,"swing + nonelection",NA,168.028649540513,0.49367657
"MD",1986,0,"swing + nonelection",NA,171.299301537074,0.49367657
"MD",1987,0,"swing + nonelection",NA,169.028222248062,0.49367657
"MD",1988,1,"swing + election year","swing state
(successor election year)",178.286438758278,0.49367657
"MD",1989,0,"swing + nonelection",NA,171.480837777576,0.50867605
"MD",1990,0,"swing + nonelection",NA,195.946583610556,0.50867605
"MD",1991,0,"swing + nonelection",NA,207.947166663628,0.50867605
"MD",1992,1,"swing + election year","swing state
(incumbent re-election year)",215.615051129335,0.50867605
"MD",1993,0,"swing + nonelection",NA,257.198522991279,0.51359314
"MD",1994,0,"swing + nonelection",NA,270.42649145675,0.51359314
"MD",1995,0,"swing + nonelection",NA,280.477859214426,0.51359314
"MD",1996,1,"swing + election year","swing state
(incumbent re-election year)",262.543885384284,0.51359314
"MD",1997,0,"core + nonelection",NA,279.498045571203,0.55157965
"MD",1998,0,"core + nonelection",NA,297.084164314955,0.55157965
"MD",1999,0,"core + nonelection",NA,327.55858064812,0.55157965
"MD",2000,1,"core + election",NA,390.641475998986,0.55157965
"MD",2001,0,NA,NA,413.753051458767,0.41530284
"MD",2002,0,NA,NA,436.009794215146,0.41530284
"MD",2003,0,NA,NA,402.874188276906,0.41530284
"MD",2004,1,NA,NA,400.554165981125,0.41530284
"MD",2005,0,NA,NA,379.926891740568,0.4210839
"MD",2006,0,NA,NA,379.527068542047,0.4210839
"MD",2007,0,NA,NA,389.143303622442,0.4210839
"MD",2008,1,NA,NA,422.166132291667,0.4210839
"ME",1984,1,"swing + election year","swing state
(incumbent re-election year)",75.184281476749,0.5461173
"ME",1985,0,"swing + nonelection",NA,76.7458816856355,0.54469925
"ME",1986,0,"swing + nonelection",NA,74.6004503380197,0.54469925
"ME",1987,0,"swing + nonelection",NA,71.3138524517124,0.54469925
"ME",1988,1,"swing + election year","swing state
(successor election year)",73.0490537334325,0.54469925
"ME",1989,0,"core + nonelection",NA,70.923282219709,0.56249875
"ME",1990,0,"core + nonelection",NA,80.7204914185655,0.56249875
"ME",1991,0,"core + nonelection",NA,92.9678924431327,0.56249875
"ME",1992,1,"core + election",NA,100.619899067374,0.56249875
"ME",1993,0,NA,NA,119.969981092105,0.46405247
"ME",1994,0,NA,NA,126.923822063268,0.46405247
"ME",1995,0,NA,NA,130.527232982289,0.46405247
"ME",1996,1,NA,NA,124.403151250559,0.46405247
"ME",1997,0,NA,NA,133.603447574216,0.54315656
"ME",1998,0,NA,NA,141.722267036341,0.54315656
"ME",1999,0,NA,NA,144.161083615117,0.54315656
"ME",2000,1,NA,NA,149.082309301677,0.54315656
"ME",2001,0,NA,NA,154.234862182138,0.42844722
"ME",2002,0,NA,NA,163.12258693134,0.42844722
"ME",2003,0,NA,NA,183.333963052288,0.42844722
"ME",2004,1,NA,NA,188.549912202017,0.42844722
"ME",2005,0,NA,NA,183.970599453207,0.43335673
"ME",2006,0,NA,NA,173.483477621415,0.43335673
"ME",2007,0,NA,NA,178.030715555608,0.43335673
"ME",2008,1,NA,NA,177.907648,0.43335673
"MI",1984,1,"swing + election year","swing state
(incumbent re-election year)",103.696259765262,0.54543686
"MI",1985,0,"core + nonelection",NA,99.3615377495389,0.5527884
"MI",1986,0,"core + nonelection",NA,99.1838233327845,0.5527884
"MI",1987,0,"core + nonelection",NA,91.6255516115969,0.5527884
"MI",1988,1,"core + election",NA,96.1925794766887,0.5527884
"MI",1989,0,"core + nonelection",NA,89.8704973678247,0.55690265
"MI",1990,0,"core + nonelection",NA,98.9555925328452,0.55690265
"MI",1991,0,"core + nonelection",NA,110.209296328824,0.55690265
"MI",1992,1,"core + election",NA,116.341064697255,0.55690265
"MI",1993,0,NA,NA,135.929118682001,0.4703026
"MI",1994,0,NA,NA,141.667768963477,0.4703026
"MI",1995,0,NA,NA,141.692049113129,0.4703026
"MI",1996,1,NA,NA,132.686946748375,0.4703026
"MI",1997,0,NA,NA,138.435447113945,0.52653843
"MI",1998,0,NA,NA,140.581431906317,0.52653843
"MI",1999,0,NA,NA,155.630597129688,0.52653843
"MI",2000,1,NA,NA,162.401168774146,0.52653843
"MI",2001,0,"swing + nonelection",NA,168.032897971592,0.4514194
"MI",2002,0,"swing + nonelection",NA,184.731145624401,0.4514194
"MI",2003,0,"swing + nonelection",NA,175.281855435101,0.4514194
"MI",2004,1,"swing + election year","swing state
(incumbent re-election year)",174.598529702876,0.4514194
"MI",2005,0,"swing + nonelection",NA,170.533693084273,0.46105045
"MI",2006,0,"swing + nonelection",NA,160.867123669645,0.46105045
"MI",2007,0,"swing + nonelection",NA,170.117666916831,0.46105045
"MI",2008,1,"swing + election year","swing state
(successor election year)",226.765944277108,0.46105045
"MN",1984,1,"swing + election year","swing state
(incumbent re-election year)",46.0448740291888,0.4798795
"MN",1985,0,"swing + nonelection",NA,44.5035621268803,0.4701757
"MN",1986,0,"swing + nonelection",NA,44.695289464848,0.4701757
"MN",1987,0,"swing + nonelection",NA,43.0120767604289,0.4701757
"MN",1988,1,"swing + election year","swing state
(successor election year)",42.7586340662546,0.4701757
"MN",1989,0,"swing + nonelection",NA,40.9651090740994,0.48047945
"MN",1990,0,"swing + nonelection",NA,42.2099142795947,0.48047945
"MN",1991,0,"swing + nonelection",NA,48.8449000166986,0.48047945
"MN",1992,1,"swing + election year","swing state
(incumbent re-election year)",52.5409364720649,0.48047945
"MN",1993,0,"swing + nonelection",NA,64.2137726038653,0.53787696
"MN",1994,0,"swing + nonelection",NA,64.526756920777,0.53787696
"MN",1995,0,"swing + nonelection",NA,66.9740485708203,0.53787696
"MN",1996,1,"swing + election year","swing state
(incumbent re-election year)",62.6259273346798,0.53787696
"MN",1997,0,"core + nonelection",NA,66.9837802555635,0.56883866
"MN",1998,0,"core + nonelection",NA,63.9143423920937,0.56883866
"MN",1999,0,"core + nonelection",NA,68.8927194889235,0.56883866
"MN",2000,1,"core + election",NA,72.4643857898261,0.56883866
"MN",2001,0,NA,NA,77.4666506153752,0.43870953
"MN",2002,0,NA,NA,85.3399009776032,0.43870953
"MN",2003,0,NA,NA,88.4355223169309,0.43870953
"MN",2004,1,NA,NA,89.3370344877353,0.43870953
"MN",2005,0,"swing + nonelection",NA,91.1148534284735,0.45857763
"MN",2006,0,"swing + nonelection",NA,83.3159689158761,0.45857763
"MN",2007,0,"swing + nonelection",NA,91.3959733078877,0.45857763
"MN",2008,1,"swing + election year","swing state
(successor election year)",102.684632287356,0.45857763
"MO",1984,1,NA,NA,32.7786855062232,0.54672617
"MO",1985,0,NA,NA,32.6139427127707,0.53916085
"MO",1986,0,NA,NA,29.2053175514561,0.53916085
"MO",1987,0,NA,NA,27.1243432830138,0.53916085
"MO",1988,1,NA,NA,27.5614642561167,0.53916085
"MO",1989,0,"core + nonelection",NA,29.8288135913342,0.55195695
"MO",1990,0,"core + nonelection",NA,32.2619276496027,0.55195695
"MO",1991,0,"core + nonelection",NA,37.5857546092909,0.55195695
"MO",1992,1,"core + election",NA,45.1200824714483,0.55195695
"MO",1993,0,NA,NA,51.1902828369148,0.4816177
"MO",1994,0,NA,NA,55.5936791356543,0.4816177
"MO",1995,0,NA,NA,55.6756136977513,0.4816177
"MO",1996,1,NA,NA,54.6229002820311,0.4816177
"MO",1997,0,"swing + nonelection",NA,56.0654356257187,0.52685696
"MO",1998,0,"swing + nonelection",NA,59.2315311300112,0.52685696
"MO",1999,0,"swing + nonelection",NA,63.13299160289,0.52685696
"MO",2000,1,"swing + election year","swing state
(successor election year)",68.6576157484864,0.52685696
"MO",2001,0,"swing + nonelection",NA,76.1491640856319,0.47219315
"MO",2002,0,"swing + nonelection",NA,84.6161156830462,0.47219315
"MO",2003,0,"swing + nonelection",NA,85.2287517903128,0.47219315
"MO",2004,1,"swing + election year","swing state
(incumbent re-election year)",82.7263046757819,0.47219315
"MO",2005,0,"swing + nonelection",NA,83.134565310794,0.5059487
"MO",2006,0,"swing + nonelection",NA,77.8542399392726,0.5059487
"MO",2007,0,"swing + nonelection",NA,84.7144924864701,0.5059487
"MO",2008,1,"swing + election year","swing state
(successor election year)",88.2153293217391,0.5059487
"MS",1984,1,"core + election",NA,29.8700710387905,0.59882784
"MS",1985,0,"swing + nonelection",NA,28.1130557617473,0.5399682
"MS",1986,0,"swing + nonelection",NA,28.1664107919824,0.5399682
"MS",1987,0,"swing + nonelection",NA,26.8652475768048,0.5399682
"MS",1988,1,"swing + election year","swing state
(successor election year)",27.7131925503381,0.5399682
"MS",1989,0,"core + nonelection",NA,26.3614064950566,0.5782604
"MS",1990,0,"core + nonelection",NA,32.1968893779828,0.5782604
"MS",1991,0,"core + nonelection",NA,34.56120674601,0.5782604
"MS",1992,1,"core + election",NA,40.3995887819729,0.5782604
"MS",1993,0,NA,NA,42.4579949362402,0.4075724
"MS",1994,0,NA,NA,46.4189828266852,0.4075724
"MS",1995,0,NA,NA,47.744365753439,0.4075724
"MS",1996,1,NA,NA,45.8496842892465,0.4075724
"MS",1997,0,NA,NA,47.0178782499909,0.43934402
"MS",1998,0,NA,NA,49.1067168328467,0.43934402
"MS",1999,0,NA,NA,53.3998650878328,0.43934402
"MS",2000,1,NA,NA,56.7474475549006,0.43934402
"MS",2001,0,"core + nonelection",NA,64.6031638276984,0.5542552
"MS",2002,0,"core + nonelection",NA,69.2622962990522,0.5542552
"MS",2003,0,"core + nonelection",NA,70.2084197487257,0.5542552
"MS",2004,1,"core + election",NA,69.7167344619368,0.5542552
"MS",2005,0,"core + nonelection",NA,83.9284855076949,0.57096565
"MS",2006,0,"core + nonelection",NA,202.289808011449,0.57096565
"MS",2007,0,"core + nonelection",NA,90.5668195999552,0.57096565
"MS",2008,1,"core + election",NA,79.2346188780488,0.57096565
"MT",1984,1,"core + election",NA,16.1813555266874,0.593112
"MT",1985,0,"core + nonelection",NA,17.1552138728918,0.59583664
"MT",1986,0,"core + nonelection",NA,16.0344050814785,0.59583664
"MT",1987,0,"core + nonelection",NA,15.6713760873282,0.59583664
"MT",1988,1,"core + election",NA,15.6391774572795,0.59583664
"MT",1989,0,"core + nonelection",NA,14.1929963634218,0.5931828
"MT",1990,0,"core + nonelection",NA,17.3654609981064,0.5931828
"MT",1991,0,"core + nonelection",NA,17.0198788491648,0.5931828
"MT",1992,1,"core + election",NA,20.0430737260417,0.5931828
"MT",1993,0,NA,NA,21.6180945493193,0.4581149
"MT",1994,0,NA,NA,23.1580565056125,0.4581149
"MT",1995,0,NA,NA,23.0826997365172,0.4581149
"MT",1996,1,NA,NA,22.6172222294229,0.4581149
"MT",1997,0,"swing + nonelection",NA,26.289805965909,0.4901615
"MT",1998,0,"swing + nonelection",NA,24.9498921249992,0.4901615
"MT",1999,0,"swing + nonelection",NA,30.5073649916067,0.4901615
"MT",2000,1,"swing + election year","swing state
(successor election year)",32.7788873418517,0.4901615
"MT",2001,0,NA,NA,35.7620385562699,0.54539907
"MT",2002,0,NA,NA,37.6974495245821,0.54539907
"MT",2003,0,NA,NA,36.0078666532238,0.54539907
"MT",2004,1,NA,NA,36.650598067571,0.54539907
"MT",2005,0,"core + nonelection",NA,38.5003553621224,0.5861462
"MT",2006,0,"core + nonelection",NA,36.507691593045,0.5861462
"MT",2007,0,"core + nonelection",NA,38.9479007870425,0.5861462
"MT",2008,1,"core + election",NA,36.141486,0.5861462
"NC",1984,1,"core + election",NA,42.6777036001038,0.5539132
"NC",1985,0,NA,NA,44.6857557052148,0.5252475
"NC",1986,0,NA,NA,46.0907726629411,0.5252475
"NC",1987,0,NA,NA,45.1212802179869,0.5252475
"NC",1988,1,NA,NA,45.7967376546249,0.5252475
"NC",1989,0,"core + nonelection",NA,46.8775434363197,0.57095027
"NC",1990,0,"core + nonelection",NA,57.8896218676369,0.57095027
"NC",1991,0,"core + nonelection",NA,61.8153900890969,0.57095027
"NC",1992,1,"core + election",NA,68.3473953716416,0.57095027
"NC",1993,0,NA,NA,77.205925030319,0.43118712
"NC",1994,0,NA,NA,81.0173726378373,0.43118712
"NC",1995,0,NA,NA,86.8412249459589,0.43118712
"NC",1996,1,NA,NA,90.0206629873174,0.43118712
"NC",1997,0,"swing + nonelection",NA,93.725403203865,0.4628467
"NC",1998,0,"swing + nonelection",NA,97.8767958655376,0.4628467
"NC",1999,0,"swing + nonelection",NA,101.952416330792,0.4628467
"NC",2000,1,"swing + election year","swing state
(successor election year)",111.903625763461,0.4628467
"NC",2001,0,"swing + nonelection",NA,114.889774800708,0.53150815
"NC",2002,0,"swing + nonelection",NA,126.502078590512,0.53150815
"NC",2003,0,"swing + nonelection",NA,131.350532082171,0.53150815
"NC",2004,1,"swing + election year","swing state
(incumbent re-election year)",138.028390148541,0.53150815
"NC",2005,0,"core + nonelection",NA,138.320752525527,0.5507865
"NC",2006,0,"core + nonelection",NA,136.462368454609,0.5507865
"NC",2007,0,"core + nonelection",NA,145.095904905502,0.5507865
"NC",2008,1,"core + election",NA,148.75790291,0.5507865
"ND",1984,1,"core + election",NA,16.1541522280712,0.62471104
"ND",1985,0,"core + nonelection",NA,14.6252239640893,0.6323953
"ND",1986,0,"core + nonelection",NA,13.3461859803674,0.6323953
"ND",1987,0,"core + nonelection",NA,13.1987392568371,0.6323953
"ND",1988,1,"core + election",NA,13.7854557617073,0.6323953
"ND",1989,0,"core + nonelection",NA,13.8855127629998,0.6443688
"ND",1990,0,"core + nonelection",NA,14.9284996942268,0.6443688
"ND",1991,0,"core + nonelection",NA,15.366245884198,0.6443688
"ND",1992,1,"core + election",NA,17.7404058192652,0.6443688
"ND",1993,0,NA,NA,19.9603165947553,0.39931786
"ND",1994,0,NA,NA,19.6459315428828,0.39931786
"ND",1995,0,NA,NA,20.5912149298656,0.39931786
"ND",1996,1,NA,NA,20.4280221364999,0.39931786
"ND",1997,0,NA,NA,26.5533749771361,0.43872875
"ND",1998,0,NA,NA,25.9264919934652,0.43872875
"ND",1999,0,NA,NA,24.4624209938967,0.43872875
"ND",2000,1,NA,NA,26.1316761672552,0.43872875
"ND",2001,0,"core + nonelection",NA,29.9907547285697,0.5883781
"ND",2002,0,"core + nonelection",NA,30.5169446131941,0.5883781
"ND",2003,0,"core + nonelection",NA,32.187636639228,0.5883781
"ND",2004,1,"core + election",NA,30.6786227308364,0.5883781
"ND",2005,0,"core + nonelection",NA,32.7718067350545,0.60849357
"ND",2006,0,"core + nonelection",NA,26.609947585133,0.60849357
"ND",2007,0,"core + nonelection",NA,27.0051179732274,0.60849357
"ND",2008,1,"core + election",NA,29.5760988679245,0.60849357
"NE",1984,1,"core + election",NA,12.7618318634079,0.67561924
"NE",1985,0,"core + nonelection",NA,12.7544164060903,0.67729354
"NE",1986,0,"core + nonelection",NA,11.711547651348,0.67729354
"NE",1987,0,"core + nonelection",NA,10.9684454425739,0.67729354
"NE",1988,1,"core + election",NA,11.3462891577966,0.67729354
"NE",1989,0,"core + nonelection",NA,9.94755565118231,0.67705274
"NE",1990,0,"core + nonelection",NA,12.5386609901438,0.67705274
"NE",1991,0,"core + nonelection",NA,14.271306624965,0.67705274
"NE",1992,1,"core + election",NA,16.28882012626,0.67705274
"NE",1993,0,NA,NA,19.0578158201648,0.35714734
"NE",1994,0,NA,NA,19.7227545666141,0.35714734
"NE",1995,0,NA,NA,18.9529455589586,0.35714734
"NE",1996,1,NA,NA,18.7766387844952,0.35714734
"NE",1997,0,NA,NA,20.0217930756969,0.39198044
"NE",1998,0,NA,NA,22.0550873542473,0.39198044
"NE",1999,0,NA,NA,23.4950704838046,0.39198044
"NE",2000,1,NA,NA,24.6244476634721,0.39198044
"NE",2001,0,"core + nonelection",NA,28.0610971540403,0.6234655
"NE",2002,0,"core + nonelection",NA,29.0308200599782,0.6234655
"NE",2003,0,"core + nonelection",NA,30.1574755886346,0.6234655
"NE",2004,1,"core + election",NA,29.5607373910171,0.6234655
"NE",2005,0,"core + nonelection",NA,29.491956905562,0.6419388
"NE",2006,0,"core + nonelection",NA,27.9336524333135,0.6419388
"NE",2007,0,"core + nonelection",NA,29.886014196211,0.6419388
"NE",2008,1,"core + election",NA,39.2962173010753,0.6419388
"NH",1984,1,"core + election",NA,82.8521661059288,0.6251409
"NH",1985,0,"core + nonelection",NA,73.9158598370085,0.63911533
"NH",1986,0,"core + nonelection",NA,68.919280929053,0.63911533
"NH",1987,0,"core + nonelection",NA,68.4854536862654,0.63911533
"NH",1988,1,"core + election",NA,69.0481225160765,0.63911533
"NH",1989,0,"core + nonelection",NA,61.7471524425164,0.66409105
"NH",1990,0,"core + nonelection",NA,75.7128285090745,0.66409105
"NH",1991,0,"core + nonelection",NA,91.6785242019777,0.66409105
"NH",1992,1,"core + election",NA,148.493347431042,0.66409105
"NH",1993,0,NA,NA,113.82529497177,0.39545643
"NH",1994,0,NA,NA,153.692636118831,0.39545643
"NH",1995,0,NA,NA,136.731917377198,0.39545643
"NH",1996,1,NA,NA,136.52616236855,0.39545643
"NH",1997,0,NA,NA,138.28226304082,0.47724527
"NH",1998,0,NA,NA,146.965989149955,0.47724527
"NH",1999,0,NA,NA,154.818085862464,0.47724527
"NH",2000,1,NA,NA,171.013944431195,0.47724527
"NH",2001,0,"swing + nonelection",NA,170.636519443985,0.4808686
"NH",2002,0,"swing + nonelection",NA,188.575313904013,0.4808686
"NH",2003,0,"swing + nonelection",NA,211.966046681932,0.4808686
"NH",2004,1,"swing + election year","swing state
(incumbent re-election year)",205.085717242212,0.4808686
"NH",2005,0,"swing + nonelection",NA,193.555212295463,0.4812228
"NH",2006,0,"swing + nonelection",NA,181.771511460788,0.4812228
"NH",2007,0,"swing + nonelection",NA,188.386626530427,0.4812228
"NH",2008,1,"swing + election year","swing state
(successor election year)",184.1574679,0.4812228
"NJ",1984,1,"core + election",NA,285.713338481316,0.5703925
"NJ",1985,0,"core + nonelection",NA,286.257869430859,0.56343734
"NJ",1986,0,"core + nonelection",NA,258.582171504041,0.56343734
"NJ",1987,0,"core + nonelection",NA,244.267377214532,0.56343734
"NJ",1988,1,"core + election",NA,257.736653192657,0.56343734
"NJ",1989,0,"core + nonelection",NA,236.7853427394,0.5827723
"NJ",1990,0,"core + nonelection",NA,296.636756145762,0.5827723
"NJ",1991,0,"core + nonelection",NA,331.870422750267,0.5827723
"NJ",1992,1,"core + election",NA,363.876534191681,0.5827723
"NJ",1993,0,NA,NA,493.200214479289,0.44665924
"NJ",1994,0,NA,NA,459.083386583517,0.44665924
"NJ",1995,0,NA,NA,486.938016706246,0.44665924
"NJ",1996,1,NA,NA,455.642501934903,0.44665924
"NJ",1997,0,NA,NA,470.021123436958,0.51495314
"NJ",1998,0,NA,NA,485.865327429636,0.51495314
"NJ",1999,0,NA,NA,485.20762078646,0.51495314
"NJ",2000,1,NA,NA,518.407921375167,0.51495314
"NJ",2001,0,NA,NA,530.340442259215,0.4346716
"NJ",2002,0,NA,NA,579.073076597408,0.4346716
"NJ",2003,0,NA,NA,597.332669694475,0.4346716
"NJ",2004,1,NA,NA,573.768186323266,0.4346716
"NJ",2005,0,NA,NA,543.199776638438,0.4281709
"NJ",2006,0,NA,NA,544.602727208641,0.4281709
"NJ",2007,0,NA,NA,587.128371606015,0.4281709
"NJ",2008,1,NA,NA,741.790800714286,0.4281709
"NM",1984,1,"core + election",NA,44.0894861515559,0.5789981
"NM",1985,0,"core + nonelection",NA,44.6202600731299,0.5716754
"NM",1986,0,"core + nonelection",NA,42.1215510498663,0.5716754
"NM",1987,0,"core + nonelection",NA,39.6432112735589,0.5716754
"NM",1988,1,"core + election",NA,41.9542000122572,0.5716754
"NM",1989,0,"core + nonelection",NA,41.124130325396,0.5758926
"NM",1990,0,"core + nonelection",NA,44.5212613304817,0.5758926
"NM",1991,0,"core + nonelection",NA,52.9505923186188,0.5758926
"NM",1992,1,"core + election",NA,62.3856255205793,0.5758926
"NM",1993,0,NA,NA,73.1794473600429,0.47427547
"NM",1994,0,NA,NA,74.0132226247988,0.47427547
"NM",1995,0,NA,NA,79.9083740446784,0.47427547
"NM",1996,1,NA,NA,81.0436364224745,0.47427547
"NM",1997,0,"swing + nonelection",NA,86.1940791840334,0.5221879
"NM",1998,0,"swing + nonelection",NA,89.5384567317916,0.5221879
"NM",1999,0,"swing + nonelection",NA,95.6199030325596,0.5221879
"NM",2000,1,"swing + election year","swing state
(successor election year)",103.67800963649,0.5221879
"NM",2001,0,"swing + nonelection",NA,114.88372444832,0.46933928
"NM",2002,0,"swing + nonelection",NA,124.388933758031,0.46933928
"NM",2003,0,"swing + nonelection",NA,124.831015257266,0.46933928
"NM",2004,1,"swing + election year","swing state
(incumbent re-election year)",134.131792016089,0.46933928
"NM",2005,0,"swing + nonelection",NA,126.00533476476,0.48781428
"NM",2006,0,"swing + nonelection",NA,121.862726280367,0.48781428
"NM",2007,0,"swing + nonelection",NA,131.373705788262,0.48781428
"NM",2008,1,"swing + election year","swing state
(successor election year)",139.382284939394,0.48781428
"NV",1984,1,"core + election",NA,38.7431553445408,0.61959165
"NV",1985,0,"core + nonelection",NA,39.9653052267701,0.631708
"NV",1986,0,"core + nonelection",NA,35.5747988868944,0.631708
"NV",1987,0,"core + nonelection",NA,32.1610508429173,0.631708
"NV",1988,1,"core + election",NA,34.2124279499311,0.631708
"NV",1989,0,"core + nonelection",NA,35.5184898018721,0.6602053
"NV",1990,0,"core + nonelection",NA,41.0252109528817,0.6602053
"NV",1991,0,"core + nonelection",NA,48.4628739573878,0.6602053
"NV",1992,1,"core + election",NA,58.5783750097804,0.6602053
"NV",1993,0,NA,NA,52.1798945972822,0.4123017
"NV",1994,0,NA,NA,71.7268702599405,0.4123017
"NV",1995,0,NA,NA,83.552646377917,0.4123017
"NV",1996,1,NA,NA,75.4871051836032,0.4123017
"NV",1997,0,"swing + nonelection",NA,87.5159399229169,0.47197574
"NV",1998,0,"swing + nonelection",NA,82.5585266423187,0.47197574
"NV",1999,0,"swing + nonelection",NA,94.7719284563604,0.47197574
"NV",2000,1,"swing + election year","swing state
(successor election year)",100.190792084108,0.47197574
"NV",2001,0,"swing + nonelection",NA,106.508632061548,0.49815178
"NV",2002,0,"swing + nonelection",NA,122.982587435466,0.49815178
"NV",2003,0,"swing + nonelection",NA,125.014742151362,0.49815178
"NV",2004,1,"swing + election year","swing state
(incumbent re-election year)",143.075861716133,0.49815178
"NV",2005,0,"swing + nonelection",NA,168.948531773786,0.50862634
"NV",2006,0,"swing + nonelection",NA,148.432461609327,0.50862634
"NV",2007,0,"swing + nonelection",NA,178.049778556493,0.50862634
"NV",2008,1,"swing + election year","swing state
(successor election year)",177.352810941176,0.50862634
"NY",1984,1,"swing + election year","swing state
(incumbent re-election year)",400.768185795262,0.52645844
"NY",1985,0,"swing + nonelection",NA,393.997835632507,0.510882
"NY",1986,0,"swing + nonelection",NA,395.026412824947,0.510882
"NY",1987,0,"swing + nonelection",NA,394.057129286614,0.510882
"NY",1988,1,"swing + election year","swing state
(successor election year)",384.738046727859,0.510882
"NY",1989,0,"swing + nonelection",NA,393.570189765014,0.511402
"NY",1990,0,"swing + nonelection",NA,430.868741122936,0.511402
"NY",1991,0,"swing + nonelection",NA,480.147967286375,0.511402
"NY",1992,1,"swing + election year","swing state
(incumbent re-election year)",566.343877686196,0.511402
"NY",1993,0,NA,NA,619.608473314821,0.5250974
"NY",1994,0,NA,NA,620.216948014488,0.5250974
"NY",1995,0,NA,NA,634.749534977479,0.5250974
"NY",1996,1,NA,NA,638.113474866854,0.5250974
"NY",1997,0,"core + nonelection",NA,659.556699200991,0.59188145
"NY",1998,0,"core + nonelection",NA,661.840459000078,0.59188145
"NY",1999,0,"core + nonelection",NA,663.434278826524,0.59188145
"NY",2000,1,"core + election",NA,725.275515177787,0.59188145
"NY",2001,0,NA,NA,730.924374062158,0.3713836
"NY",2002,0,NA,NA,854.255587393942,0.3713836
"NY",2003,0,NA,NA,936.737865510585,0.3713836
"NY",2004,1,NA,NA,957.911512065535,0.3713836
"NY",2005,0,NA,NA,843.507931958517,0.37201887
"NY",2006,0,NA,NA,817.998126312425,0.37201887
"NY",2007,0,NA,NA,857.174125939917,0.37201887
"NY",2008,1,NA,NA,920.750786155172,0.37201887
"OH",1984,1,"core + election",NA,94.0166447139001,0.555439
"OH",1985,0,"core + nonelection",NA,93.1918158821342,0.5502255
"OH",1986,0,"core + nonelection",NA,94.089346844652,0.5502255
"OH",1987,0,"core + nonelection",NA,89.4275505713443,0.5502255
"OH",1988,1,"core + election",NA,94.3775748465937,0.5502255
"OH",1989,0,"core + nonelection",NA,89.379179530506,0.56893414
"OH",1990,0,"core + nonelection",NA,106.010907662337,0.56893414
"OH",1991,0,"core + nonelection",NA,111.787487641106,0.56893414
"OH",1992,1,"core + election",NA,120.455030884975,0.56893414
"OH",1993,0,NA,NA,146.720937501058,0.45407802
"OH",1994,0,NA,NA,149.351934704082,0.45407802
"OH",1995,0,NA,NA,154.703423202972,0.45407802
"OH",1996,1,NA,NA,154.777582636632,0.45407802
"OH",1997,0,"swing + nonelection",NA,144.469603842462,0.49763682
"OH",1998,0,"swing + nonelection",NA,157.064629150901,0.49763682
"OH",1999,0,"swing + nonelection",NA,161.460705234394,0.49763682
"OH",2000,1,"swing + election year","swing state
(successor election year)",175.346673724002,0.49763682
"OH",2001,0,"swing + nonelection",NA,180.122742489746,0.49017772
"OH",2002,0,"swing + nonelection",NA,196.965861992126,0.49017772
"OH",2003,0,"swing + nonelection",NA,203.172711649537,0.49017772
"OH",2004,1,"swing + election year","swing state
(incumbent re-election year)",207.253096122587,0.49017772
"OH",2005,0,"swing + nonelection",NA,210.514015034049,0.49760082
"OH",2006,0,"swing + nonelection",NA,195.776646919701,0.49760082
"OH",2007,0,"swing + nonelection",NA,202.6971858858,0.49760082
"OH",2008,1,"swing + election year","swing state
(successor election year)",197.628338409091,0.49760082
"OK",1984,1,"core + election",NA,31.2771049543664,0.6314142
"OK",1985,0,"core + nonelection",NA,31.4059964936078,0.6103239
"OK",1986,0,"core + nonelection",NA,33.4052278323851,0.6103239
"OK",1987,0,"core + nonelection",NA,32.9506472741964,0.6103239
"OK",1988,1,"core + election",NA,33.77047341521,0.6103239
"OK",1989,0,"core + nonelection",NA,33.5212985522428,0.63623923
"OK",1990,0,"core + nonelection",NA,36.8487568593693,0.63623923
"OK",1991,0,"core + nonelection",NA,38.5526503013685,0.63623923
"OK",1992,1,"core + election",NA,43.6984565602675,0.63623923
"OK",1993,0,NA,NA,48.6781542938972,0.38959414
"OK",1994,0,NA,NA,45.853261601858,0.38959414
"OK",1995,0,NA,NA,48.5584091007967,0.38959414
"OK",1996,1,NA,NA,48.0265913267111,0.38959414
"OK",1997,0,NA,NA,50.2752749902196,0.43862486
"OK",1998,0,NA,NA,54.4281249546092,0.43862486
"OK",1999,0,NA,NA,57.2253306857045,0.43862486
"OK",2000,1,NA,NA,62.5074675105604,0.43862486
"OK",2001,0,"core + nonelection",NA,69.2835605939811,0.5703447
"OK",2002,0,"core + nonelection",NA,77.236194291637,0.5703447
"OK",2003,0,"core + nonelection",NA,75.6067794726871,0.5703447
"OK",2004,1,"core + election",NA,75.7524510316413,0.5703447
"OK",2005,0,"core + nonelection",NA,75.9359489423128,0.6035056
"OK",2006,0,"core + nonelection",NA,75.3740349435968,0.6035056
"OK",2007,0,"core + nonelection",NA,83.7395899101679,0.6035056
"OK",2008,1,"core + election",NA,78.7543910649351,0.6035056
"OR",1984,1,"swing + election year","swing state
(incumbent re-election year)",67.6510622526681,0.53659946
"OR",1985,0,"swing + nonelection",NA,65.2250161779739,0.5391483
"OR",1986,0,"swing + nonelection",NA,66.508101285912,0.5391483
"OR",1987,0,"swing + nonelection",NA,60.4167664623519,0.5391483
"OR",1988,1,"swing + election year","swing state
(successor election year)",59.4880193353668,0.5391483
"OR",1989,0,"swing + nonelection",NA,63.6320074101623,0.5309121
"OR",1990,0,"swing + nonelection",NA,68.7144016647549,0.5309121
"OR",1991,0,"swing + nonelection",NA,69.8602719985652,0.5309121
"OR",1992,1,"swing + election year","swing state
(incumbent re-election year)",76.4803394076398,0.5309121
"OR",1993,0,NA,NA,94.3375175295763,0.50970954
"OR",1994,0,NA,NA,106.219555937449,0.50970954
"OR",1995,0,NA,NA,109.484072096628,0.50970954
"OR",1996,1,NA,NA,110.288326599342,0.50970954
"OR",1997,0,"swing + nonelection",NA,114.784182160031,0.5457023
"OR",1998,0,"swing + nonelection",NA,116.542124806255,0.5457023
"OR",1999,0,"swing + nonelection",NA,126.312572127557,0.5457023
"OR",2000,1,"swing + election year","swing state
(successor election year)",129.166196393199,0.5457023
"OR",2001,0,"swing + nonelection",NA,151.967408267988,0.461457
"OR",2002,0,"swing + nonelection",NA,151.162285662391,0.461457
"OR",2003,0,"swing + nonelection",NA,155.603619756903,0.461457
"OR",2004,1,"swing + election year","swing state
(incumbent re-election year)",155.066084992124,0.461457
"OR",2005,0,"swing + nonelection",NA,157.39989366101,0.47654122
"OR",2006,0,"swing + nonelection",NA,153.204265678999,0.47654122
"OR",2007,0,"swing + nonelection",NA,159.86195024639,0.47654122
"OR",2008,1,"swing + election year","swing state
(successor election year)",162.048285694444,0.47654122
"PA",1984,1,NA,NA,159.29845349552,0.542246
"PA",1985,0,"swing + nonelection",NA,155.696624182799,0.5206841
"PA",1986,0,"swing + nonelection",NA,147.967816674294,0.5206841
"PA",1987,0,"swing + nonelection",NA,144.287505726481,0.5206841
"PA",1988,1,"swing + election year","swing state
(successor election year)",142.186119211422,0.5206841
"PA",1989,0,"swing + nonelection",NA,133.117035595638,0.5291064
"PA",1990,0,"swing + nonelection",NA,147.114901159853,0.5291064
"PA",1991,0,"swing + nonelection",NA,168.738416525001,0.5291064
"PA",1992,1,"swing + election year","swing state
(incumbent re-election year)",199.57751817107,0.5291064
"PA",1993,0,"swing + nonelection",NA,222.236892379549,0.50226086
"PA",1994,0,"swing + nonelection",NA,235.553744990141,0.50226086
"PA",1995,0,"swing + nonelection",NA,246.347999087988,0.50226086
"PA",1996,1,"swing + election year","swing state
(incumbent re-election year)",234.567102806705,0.50226086
"PA",1997,0,"swing + nonelection",NA,243.398603850629,0.5318006
"PA",1998,0,"swing + nonelection",NA,254.120116082923,0.5318006
"PA",1999,0,"swing + nonelection",NA,263.86381430433,0.5318006
"PA",2000,1,"swing + election year","swing state
(successor election year)",281.589558272228,0.5318006
"PA",2001,0,"swing + nonelection",NA,285.875176089787,0.45713928
"PA",2002,0,"swing + nonelection",NA,309.044987776207,0.45713928
"PA",2003,0,"swing + nonelection",NA,312.313786833571,0.45713928
"PA",2004,1,"swing + election year","swing state
(incumbent re-election year)",322.277221652301,0.45713928
"PA",2005,0,"swing + nonelection",NA,313.156221251879,0.4714401
"PA",2006,0,"swing + nonelection",NA,310.17674294887,0.4714401
"PA",2007,0,"swing + nonelection",NA,315.249188485427,0.4714401
"PA",2008,1,"swing + election year","swing state
(successor election year)",312.258909223881,0.4714401
"RI",1984,1,"swing + election year","swing state
(incumbent re-election year)",243.134299270822,0.4708744
"RI",1985,0,"swing + nonelection",NA,235.3539892637,0.46663767
"RI",1986,0,"swing + nonelection",NA,233.849475289123,0.46663767
"RI",1987,0,"swing + nonelection",NA,222.329532437594,0.46663767
"RI",1988,1,"swing + election year","swing state
(successor election year)",223.131829805077,0.46663767
"RI",1989,0,"swing + nonelection",NA,219.576324566028,0.4659527
"RI",1990,0,"swing + nonelection",NA,261.204128697734,0.4659527
"RI",1991,0,"swing + nonelection",NA,301.482609905188,0.4659527
"RI",1992,1,"swing + election year","swing state
(incumbent re-election year)",313.462785200231,0.4659527
"RI",1993,0,"core + nonelection",NA,379.660647667389,0.55297285
"RI",1994,0,"core + nonelection",NA,369.461258794878,0.55297285
"RI",1995,0,"core + nonelection",NA,400.455374727879,0.55297285
"RI",1996,1,"core + election",NA,362.252209036794,0.55297285
"RI",1997,0,"core + nonelection",NA,369.431138184163,0.62241936
"RI",1998,0,"core + nonelection",NA,387.678210009666,0.62241936
"RI",1999,0,"core + nonelection",NA,407.111153408343,0.62241936
"RI",2000,1,"core + election",NA,479.644559413797,0.62241936
"RI",2001,0,NA,NA,455.111232615422,0.34500983
"RI",2002,0,NA,NA,484.681001681416,0.34500983
"RI",2003,0,NA,NA,507.32325928218,0.34500983
"RI",2004,1,NA,NA,513.697548576501,0.34500983
"RI",2005,0,NA,NA,495.224556840744,0.34923053
"RI",2006,0,NA,NA,467.025516468109,0.34923053
"RI",2007,0,NA,NA,492.492039354761,0.34923053
"RI",2008,1,NA,NA,482.192027,0.34923053
"SC",1984,1,"core + election",NA,52.9788611077016,0.55290335
"SC",1985,0,NA,NA,52.0943725047844,0.5277858
"SC",1986,0,NA,NA,54.3661336995163,0.5277858
"SC",1987,0,NA,NA,51.5958441513,0.5277858
"SC",1988,1,NA,NA,52.1565074343834,0.5277858
"SC",1989,0,"core + nonelection",NA,48.4514963656081,0.58991873
"SC",1990,0,"core + nonelection",NA,70.847424470586,0.58991873
"SC",1991,0,"core + nonelection",NA,72.5917182484135,0.58991873
"SC",1992,1,"core + election",NA,83.637768462937,0.58991873
"SC",1993,0,NA,NA,89.1877900933988,0.39724824
"SC",1994,0,NA,NA,96.3883506045335,0.39724824
"SC",1995,0,NA,NA,97.5938346723526,0.39724824
"SC",1996,1,NA,NA,90.9206119475642,0.39724824
"SC",1997,0,NA,NA,98.2636356315029,0.43357268
"SC",1998,0,NA,NA,102.324270251549,0.43357268
"SC",1999,0,NA,NA,111.277343940714,0.43357268
"SC",2000,1,NA,NA,119.087516233127,0.43357268
"SC",2001,0,"core + nonelection",NA,130.461185252102,0.5533455
"SC",2002,0,"core + nonelection",NA,139.369061794903,0.5533455
"SC",2003,0,"core + nonelection",NA,144.760084713286,0.5533455
"SC",2004,1,"core + election",NA,144.911969066683,0.5533455
"SC",2005,0,"core + nonelection",NA,145.957538582186,0.56667894
"SC",2006,0,"core + nonelection",NA,141.536759967771,0.56667894
"SC",2007,0,"core + nonelection",NA,143.368754350093,0.56667894
"SC",2008,1,"core + election",NA,135.8275795,0.56667894
"SD",1984,1,"core + election",NA,14.2185553766314,0.5690189
"SD",1985,0,"core + nonelection",NA,11.5704663561182,0.59892005
"SD",1986,0,"core + nonelection",NA,11.5565391595955,0.59892005
"SD",1987,0,"core + nonelection",NA,9.96436228130641,0.59892005
"SD",1988,1,"core + election",NA,10.1802102239162,0.59892005
"SD",1989,0,"core + nonelection",NA,10.3835932116464,0.6070845
"SD",1990,0,"core + nonelection",NA,11.4834664095997,0.6070845
"SD",1991,0,"core + nonelection",NA,12.954277743621,0.6070845
"SD",1992,1,"core + election",NA,13.5911237326913,0.6070845
"SD",1993,0,NA,NA,15.8574271063153,0.43749025
"SD",1994,0,NA,NA,15.7749073888349,0.43749025
"SD",1995,0,NA,NA,17.0325333263098,0.43749025
"SD",1996,1,NA,NA,16.799124376775,0.43749025
"SD",1997,0,"swing + nonelection",NA,19.7734811303681,0.47537667
"SD",1998,0,"swing + nonelection",NA,18.9141795938541,0.47537667
"SD",1999,0,"swing + nonelection",NA,19.6106170492577,0.47537667
"SD",2000,1,"swing + election year","swing state
(successor election year)",20.7929430953194,0.47537667
"SD",2001,0,"core + nonelection",NA,23.9673555121526,0.5526978
"SD",2002,0,"core + nonelection",NA,25.8098679274395,0.5526978
"SD",2003,0,"core + nonelection",NA,28.2869341300231,0.5526978
"SD",2004,1,"core + election",NA,26.0366362680664,0.5526978
"SD",2005,0,"core + nonelection",NA,27.261651830136,0.5815386
"SD",2006,0,"core + nonelection",NA,22.3966315348531,0.5815386
"SD",2007,0,"core + nonelection",NA,22.4604995105477,0.5815386
"SD",2008,1,"core + election",NA,25.7217590151515,0.5815386
"TN",1984,1,NA,NA,38.2779280256457,0.543502
"TN",1985,0,"swing + nonelection",NA,37.8297495837943,0.5058628
"TN",1986,0,"swing + nonelection",NA,37.9157624117968,0.5058628
"TN",1987,0,"swing + nonelection",NA,36.3347003092114,0.5058628
"TN",1988,1,"swing + election year","swing state
(successor election year)",38.6905968249736,0.5058628
"TN",1989,0,"core + nonelection",NA,38.950702579464,0.55516803
"TN",1990,0,"core + nonelection",NA,46.377946934026,0.55516803
"TN",1991,0,"core + nonelection",NA,51.2755487337979,0.55516803
"TN",1992,1,"core + election",NA,55.5248970565212,0.55516803
"TN",1993,0,NA,NA,65.5570384378749,0.45399183
"TN",1994,0,NA,NA,68.2568982269395,0.45399183
"TN",1995,0,NA,NA,69.9036842090591,0.45399183
"TN",1996,1,NA,NA,66.2014457396033,0.45399183
"TN",1997,0,"swing + nonelection",NA,72.7177805150359,0.48555347
"TN",1998,0,"swing + nonelection",NA,78.2641585768171,0.48555347
"TN",1999,0,"swing + nonelection",NA,81.1379710179537,0.48555347
"TN",2000,1,"swing + election year","swing state
(successor election year)",89.857767927766,0.48555347
"TN",2001,0,"swing + nonelection",NA,93.2607941092327,0.49359396
"TN",2002,0,"swing + nonelection",NA,104.692572455501,0.49359396
"TN",2003,0,"swing + nonelection",NA,106.651136601518,0.49359396
"TN",2004,1,"swing + election year","swing state
(incumbent re-election year)",113.070977441286,0.49359396
"TN",2005,0,"swing + nonelection",NA,110.94445996059,0.52620554
"TN",2006,0,"swing + nonelection",NA,103.102582761183,0.52620554
"TN",2007,0,"swing + nonelection",NA,104.561864097016,0.52620554
"TN",2008,1,"swing + election year","swing state
(successor election year)",144.583341,0.52620554
"TX",1984,1,"core + election",NA,38.2575039265692,0.5738067
"TX",1985,0,"core + nonelection",NA,40.5113356112651,0.56451714
"TX",1986,0,"core + nonelection",NA,38.6254984216254,0.56451714
"TX",1987,0,"core + nonelection",NA,33.2139212306215,0.56451714
"TX",1988,1,"core + election",NA,38.9696317054284,0.56451714
"TX",1989,0,"core + nonelection",NA,37.1790592250599,0.5909999
"TX",1990,0,"core + nonelection",NA,43.05181658639,0.5909999
"TX",1991,0,"core + nonelection",NA,49.4399518542931,0.5909999
"TX",1992,1,"core + election",NA,61.054587401229,0.5909999
"TX",1993,0,NA,NA,74.580127745445,0.42541733
"TX",1994,0,NA,NA,76.5423849321633,0.42541733
"TX",1995,0,NA,NA,80.6290031996859,0.42541733
"TX",1996,1,NA,NA,75.107348496093,0.42541733
"TX",1997,0,"swing + nonelection",NA,77.4255639198275,0.46250293
"TX",1998,0,"swing + nonelection",NA,81.9620004854128,0.46250293
"TX",1999,0,"swing + nonelection",NA,91.6097011529041,0.46250293
"TX",2000,1,"swing + election year","swing state
(successor election year)",92.9585701327514,0.46250293
"TX",2001,0,"core + nonelection",NA,101.905411966466,0.55286354
"TX",2002,0,"core + nonelection",NA,107.466094653491,0.55286354
"TX",2003,0,"core + nonelection",NA,120.560899639844,0.55286354
"TX",2004,1,"core + election",NA,113.56662674133,0.55286354
"TX",2005,0,"core + nonelection",NA,114.784172156999,0.5837569
"TX",2006,0,"core + nonelection",NA,119.985698199443,0.5837569
"TX",2007,0,"core + nonelection",NA,113.310821675896,0.5837569
"TX",2008,1,"core + election",NA,141.483130220472,0.5837569
"UT",1984,1,"core + election",NA,49.5172968942046,0.7162586
"UT",1985,0,"core + nonelection",NA,53.2895534919665,0.7268842
"UT",1986,0,"core + nonelection",NA,49.3399828167676,0.7268842
"UT",1987,0,"core + nonelection",NA,46.5297077339268,0.7268842
"UT",1988,1,"core + election",NA,46.1921302967143,0.7268842
"UT",1989,0,"core + nonelection",NA,41.2290273379729,0.73491025
"UT",1990,0,"core + nonelection",NA,46.2099809130751,0.73491025
"UT",1991,0,"core + nonelection",NA,49.5001097274759,0.73491025
"UT",1992,1,"core + election",NA,58.9128733750724,0.73491025
"UT",1993,0,NA,NA,66.736212247945,0.31246176
"UT",1994,0,NA,NA,69.2884709947718,0.31246176
"UT",1995,0,NA,NA,70.6459822782863,0.31246176
"UT",1996,1,NA,NA,68.1776489918386,0.31246176
"UT",1997,0,NA,NA,70.9282242902178,0.35613018
"UT",1998,0,NA,NA,74.9438110450478,0.35613018
"UT",1999,0,NA,NA,85.9830863636836,0.35613018
"UT",2000,1,NA,NA,87.7827793299892,0.35613018
"UT",2001,0,"core + nonelection",NA,91.8478672739205,0.6583286
"UT",2002,0,"core + nonelection",NA,101.972391600349,0.6583286
"UT",2003,0,"core + nonelection",NA,104.00029335661,0.6583286
"UT",2004,1,"core + election",NA,104.298705926448,0.6583286
"UT",2005,0,"core + nonelection",NA,103.422826737901,0.69030476
"UT",2006,0,"core + nonelection",NA,102.917020977317,0.69030476
"UT",2007,0,"core + nonelection",NA,109.843337530322,0.69030476
"UT",2008,1,"core + election",NA,108.49593537931,0.69030476
"VA",1984,1,"core + election",NA,28.696862674168,0.58918184
"VA",1985,0,"core + nonelection",NA,28.8348066524256,0.5672599
"VA",1986,0,"core + nonelection",NA,28.9065429809722,0.5672599
"VA",1987,0,"core + nonelection",NA,24.3110415664644,0.5672599
"VA",1988,1,"core + election",NA,26.4147863616741,0.5672599
"VA",1989,0,"core + nonelection",NA,24.3067928200562,0.59950167
"VA",1990,0,"core + nonelection",NA,28.7641156202926,0.59950167
"VA",1991,0,"core + nonelection",NA,35.5171766484375,0.59950167
"VA",1992,1,"core + election",NA,36.9521656713278,0.59950167
"VA",1993,0,NA,NA,40.4612702330701,0.41470116
"VA",1994,0,NA,NA,41.7360554989912,0.41470116
"VA",1995,0,NA,NA,40.0219908727588,0.41470116
"VA",1996,1,NA,NA,38.8371842492138,0.41470116
"VA",1997,0,"swing + nonelection",NA,42.5703679687708,0.45341817
"VA",1998,0,"swing + nonelection",NA,42.6705170148743,0.45341817
"VA",1999,0,"swing + nonelection",NA,46.8131018474991,0.45341817
"VA",2000,1,"swing + election year","swing state
(successor election year)",52.356124280674,0.45341817
"VA",2001,0,"swing + nonelection",NA,56.3102556743431,0.52587616
"VA",2002,0,"swing + nonelection",NA,65.303545438103,0.52587616
"VA",2003,0,"swing + nonelection",NA,65.064915678113,0.52587616
"VA",2004,1,"swing + election year","swing state
(incumbent re-election year)",63.3205656162014,0.52587616
"VA",2005,0,"swing + nonelection",NA,60.7518380144222,0.5311384
"VA",2006,0,"swing + nonelection",NA,58.3121246027534,0.5311384
"VA",2007,0,"swing + nonelection",NA,69.5304852622377,0.5311384
"VA",2008,1,"swing + election year","swing state
(successor election year)",63.7516798283582,0.5311384
"VT",1984,1,"core + election",NA,48.6200808141996,0.57519406
"VT",1985,0,"core + nonelection",NA,47.8924102647662,0.56003237
"VT",1986,0,"core + nonelection",NA,45.1497812749185,0.56003237
"VT",1987,0,"core + nonelection",NA,44.9819638076281,0.56003237
"VT",1988,1,"core + election",NA,43.6048920574886,0.56003237
"VT",1989,0,"swing + nonelection",NA,41.2555832569102,0.5468219
"VT",1990,0,"swing + nonelection",NA,45.2856030870958,0.5468219
"VT",1991,0,"swing + nonelection",NA,55.8679643792609,0.5468219
"VT",1992,1,"swing + election year","swing state
(incumbent re-election year)",56.2795836077032,0.5468219
"VT",1993,0,NA,NA,62.0087841728356,0.4993586
"VT",1994,0,NA,NA,62.1267287653358,0.4993586
"VT",1995,0,NA,NA,65.4574798790278,0.4993586
"VT",1996,1,NA,NA,65.3803754131688,0.4993586
"VT",1997,0,"core + nonelection",NA,68.3085914188121,0.5721844
"VT",1998,0,"core + nonelection",NA,76.0439879507372,0.5721844
"VT",1999,0,"core + nonelection",NA,82.8076308370975,0.5721844
"VT",2000,1,"core + election",NA,84.0338858412847,0.5721844
"VT",2001,0,NA,NA,93.1374505481949,0.40374205
"VT",2002,0,NA,NA,102.197640605489,0.40374205
"VT",2003,0,NA,NA,104.313487888154,0.40374205
"VT",2004,1,NA,NA,106.701742252999,0.40374205
"VT",2005,0,NA,NA,99.2588752128008,0.40358606
"VT",2006,0,NA,NA,99.216075032041,0.40358606
"VT",2007,0,NA,NA,107.355499267329,0.40358606
"VT",2008,1,NA,NA,145.576450357143,0.40358606
"WA",1984,1,"core + election",NA,94.2166641118799,0.56226104
"WA",1985,0,"core + nonelection",NA,100.074823510708,0.55228925
"WA",1986,0,"core + nonelection",NA,109.17391013484,0.55228925
"WA",1987,0,"core + nonelection",NA,97.1942638686727,0.55228925
"WA",1988,1,"core + election",NA,105.772372806138,0.55228925
"WA",1989,0,"swing + nonelection",NA,112.556222755514,0.5428626
"WA",1990,0,"swing + nonelection",NA,111.064672588092,0.5428626
"WA",1991,0,"swing + nonelection",NA,126.316537786648,0.5428626
"WA",1992,1,"swing + election year","swing state
(incumbent re-election year)",142.082273652923,0.5428626
"WA",1993,0,"swing + nonelection",NA,167.69637951935,0.5060942
"WA",1994,0,"swing + nonelection",NA,174.766744880281,0.5060942
"WA",1995,0,"swing + nonelection",NA,171.942507763265,0.5060942
"WA",1996,1,"swing + election year","swing state
(incumbent re-election year)",176.394548662446,0.5060942
"WA",1997,0,"core + nonelection",NA,183.510175484131,0.5519802
"WA",1998,0,"core + nonelection",NA,183.961078199182,0.5519802
"WA",1999,0,"core + nonelection",NA,191.310802687295,0.5519802
"WA",2000,1,"core + election",NA,212.457933711661,0.5519802
"WA",2001,0,NA,NA,221.047254235451,0.44089624
"WA",2002,0,NA,NA,244.919879281182,0.44089624
"WA",2003,0,NA,NA,254.915855687768,0.44089624
"WA",2004,1,NA,NA,255.092303487971,0.44089624
"WA",2005,0,"swing + nonelection",NA,248.56644443479,0.4540468
"WA",2006,0,"swing + nonelection",NA,240.209733087037,0.4540468
"WA",2007,0,"swing + nonelection",NA,254.941311650344,0.4540468
"WA",2008,1,"swing + election year","swing state
(successor election year)",277.303999666667,0.4540468
"WI",1984,1,"swing + election year","swing state
(incumbent re-election year)",64.0853864396447,0.52236366
"WI",1985,0,"swing + nonelection",NA,60.5243230186783,0.52117497
"WI",1986,0,"swing + nonelection",NA,57.9026322465848,0.52117497
"WI",1987,0,"swing + nonelection",NA,57.3122618488562,0.52117497
"WI",1988,1,"swing + election year","swing state
(successor election year)",53.9057279409428,0.52117497
"WI",1989,0,"swing + nonelection",NA,54.0904383476013,0.5179689
"WI",1990,0,"swing + nonelection",NA,62.5456602627755,0.5179689
"WI",1991,0,"swing + nonelection",NA,63.1287729597575,0.5179689
"WI",1992,1,"swing + election year","swing state
(incumbent re-election year)",69.663506940163,0.5179689
"WI",1993,0,"swing + nonelection",NA,79.3818925205019,0.4999805
"WI",1994,0,"swing + nonelection",NA,82.7816936135402,0.4999805
"WI",1995,0,"swing + nonelection",NA,77.9365969589584,0.4999805
"WI",1996,1,"swing + election year","swing state
(incumbent re-election year)",78.2866983048333,0.4999805
"WI",1997,0,"swing + nonelection",NA,81.6200716490922,0.5351239
"WI",1998,0,"swing + nonelection",NA,87.051003721843,0.5351239
"WI",1999,0,"swing + nonelection",NA,88.3871900660577,0.5351239
"WI",2000,1,"swing + election year","swing state
(successor election year)",98.0743898744509,0.5351239
"WI",2001,0,"swing + nonelection",NA,104.356013658649,0.47057074
"WI",2002,0,"swing + nonelection",NA,116.422813344048,0.47057074
"WI",2003,0,"swing + nonelection",NA,117.937149466502,0.47057074
"WI",2004,1,"swing + election year","swing state
(incumbent re-election year)",113.245095154396,0.47057074
"WI",2005,0,"swing + nonelection",NA,112.250561732403,0.47924644
"WI",2006,0,"swing + nonelection",NA,103.17966340259,0.47924644
"WI",2007,0,"swing + nonelection",NA,106.594797643634,0.47924644
"WI",2008,1,"swing + election year","swing state
(successor election year)",114.249140958333,0.47924644
"WV",1984,1,NA,NA,32.5777124964332,0.51056933
"WV",1985,0,NA,NA,30.7817869653347,0.48277658
"WV",1986,0,NA,NA,32.0732256096589,0.48277658
"WV",1987,0,NA,NA,30.929444959094,0.48277658
"WV",1988,1,NA,NA,28.2019917449295,0.48277658
"WV",1989,0,"swing + nonelection",NA,29.9332045494568,0.50175256
"WV",1990,0,"swing + nonelection",NA,32.2618664487733,0.50175256
"WV",1991,0,"swing + nonelection",NA,39.515838843848,0.50175256
"WV",1992,1,"swing + election year","swing state
(incumbent re-election year)",48.6794667018803,0.50175256
"WV",1993,0,NA,NA,60.9990734737442,0.51624435
"WV",1994,0,NA,NA,55.694532635656,0.51624435
"WV",1995,0,NA,NA,60.6461486631994,0.51624435
"WV",1996,1,NA,NA,53.917796294225,0.51624435
"WV",1997,0,"core + nonelection",NA,52.9024570567925,0.561668
"WV",1998,0,"core + nonelection",NA,60.8035728642286,0.561668
"WV",1999,0,"core + nonelection",NA,59.8549845721111,0.561668
"WV",2000,1,"core + election",NA,64.5808168240168,0.561668
"WV",2001,0,NA,NA,67.337818565765,0.45706192
"WV",2002,0,NA,NA,68.8722544045818,0.45706192
"WV",2003,0,NA,NA,72.0493995823135,0.45706192
"WV",2004,1,NA,NA,72.3930731671374,0.45706192
"WV",2005,0,NA,NA,73.7912855605132,0.5045571
"WV",2006,0,NA,NA,66.919305614217,0.5045571
"WV",2007,0,NA,NA,69.2199130661805,0.5045571
"WV",2008,1,NA,NA,65.8707264,0.5045571
"WY",1984,1,"core + election",NA,26.7188186367855,0.66112566
"WY",1985,0,"core + nonelection",NA,27.1766248516469,0.66789144
"WY",1986,0,"core + nonelection",NA,23.6217657847932,0.66789144
"WY",1987,0,"core + nonelection",NA,22.0091654598097,0.66789144
"WY",1988,1,"core + election",NA,26.1849323046245,0.66789144
"WY",1989,0,"core + nonelection",NA,23.4084226935391,0.673193
"WY",1990,0,"core + nonelection",NA,25.1841219938787,0.673193
"WY",1991,0,"core + nonelection",NA,25.8423908764944,0.673193
"WY",1992,1,"core + election",NA,27.4985076652668,0.673193
"WY",1993,0,NA,NA,30.0870266975923,0.37794232
"WY",1994,0,NA,NA,30.0421757926543,0.37794232
"WY",1995,0,NA,NA,32.6087450410433,0.37794232
"WY",1996,1,NA,NA,28.4596203796017,0.37794232
"WY",1997,0,NA,NA,29.8788913207297,0.42431727
"WY",1998,0,NA,NA,33.8452559060434,0.42431727
"WY",1999,0,NA,NA,38.7394485703901,0.42431727
"WY",2000,1,NA,NA,38.2916004333789,0.42431727
"WY",2001,0,"core + nonelection",NA,40.6025647798564,0.60754085
"WY",2002,0,"core + nonelection",NA,42.8351418227559,0.60754085
"WY",2003,0,"core + nonelection",NA,54.7447603517525,0.60754085
"WY",2004,1,"core + election",NA,49.6401974610752,0.60754085
"WY",2005,0,"core + nonelection",NA,45.811482308256,0.66260976
"WY",2006,0,"core + nonelection",NA,43.606698388776,0.66260976
"WY",2007,0,"core + nonelection",NA,46.4916593993643,0.66260976
"WY",2008,1,"core + election",NA,47.5388264347826,0.66260976
