state,total,D,R,year,D_pv2p,R_pv2p
Alabama,2297295,837376,1427820,2020,0.36967043911431946,0.6303295608856805
Alaska,346524,148190,184993,2020,0.4447705915367831,0.5552294084632169
Arizona,3395329,1672054,1661677,2020,0.5015563643257359,0.4984436356742641
Arkansas,1211285,419578,757438,2020,0.35647603770891817,0.6435239622910819
California,16827982,10744672,5721411,2020,0.6525335746212381,0.34746642537876193
Colorado,3256061,1803921,1364202,2020,0.5693974002903296,0.43060259970967035
Connecticut,1823379,1080492,714613,2020,0.6019101946682784,0.39808980533172156
Delaware,504010,296268,200603,2020,0.5962674416498447,0.40373255835015526
District of Columbia,333682,307265,18172,2020,0.9441612355079477,0.055838764492052224
Florida,11067456,5297045,5668731,2020,0.48305245337858443,0.5169475466214156
Georgia,4991938,2472002,2457880,2020,0.5014322858031897,0.4985677141968104
Hawaii,573854,365802,196602,2020,0.650425672648132,0.34957432735186805
Idaho,868615,287021,554118,2020,0.3412289764236351,0.6587710235763649
Illinois,5833354,3366935,2348194,2020,0.5891266846295158,0.4108733153704842
Indiana,3026214,1240634,1724900,2020,0.4183509614120088,0.5816490385879912
Iowa,1690037,758597,897356,2020,0.45810297756035345,0.5418970224396465
Kansas,1333513,551144,752903,2020,0.42264120848405,0.5773587915159499
Kentucky,2134996,772285,1326418,2020,0.3679820346185239,0.632017965381476
Louisiana,2148062,856034,1255776,2020,0.4053555954370895,0.5946444045629105
Maine,812765,429860,359118,2020,0.5448314148176502,0.4551685851823498
Maryland,2921521,1894321,955735,2020,0.6646609750825949,0.33533902491740514
Massachusetts,3529032,2316338,1148777,2020,0.6684736293023464,0.3315263706976536
Michigan,5534909,2795366,2650232,2020,0.5133258092132398,0.4866741907867602
Minnesota,3275727,1716207,1483551,2020,0.5363552493657333,0.4636447506342667
Mississippi,1159362,452795,688745,2020,0.39665276731432975,0.6033472326856703
Missouri,3012436,1242851,1711848,2020,0.4206354014402144,0.5793645985597856
Montana,603636,244783,343598,2020,0.41602804985205166,0.5839719501479483
Nebraska,943049,370912,552071,2020,0.40186222281450473,0.5981377771854953
Nevada,1405376,703486,669890,2020,0.512231173400438,0.48776882659956194
New Hampshire,803810,424921,365654,2020,0.5374834772159505,0.4625165227840496
New Jersey,4182011,2388680,1730008,2020,0.5799613857616794,0.42003861423832056
New Mexico,921515,499782,401361,2020,0.5546089799288237,0.44539102007117626
New York,6656558,3698632,2850761,2020,0.5647289756470562,0.43527102435294385
North Carolina,5522501,2683787,2757112,2020,0.4932616834093042,0.5067383165906958
North Dakota,361819,114902,235595,2020,0.3278259157710337,0.6721740842289663
Ohio,5765836,2603681,3074418,2020,0.4585480105225358,0.5414519894774642
Oklahoma,1560699,503890,1020280,2020,0.3305996050309349,0.6694003949690651
Oregon,2361091,1333766,952501,2020,0.5833815560474783,0.41661844395252173
Pennsylvania,6860611,3419585,3352498,2020,0.5049532027295,0.4950467972705001
Rhode Island,516358,306192,199830,2020,0.605096221112916,0.39490377888708394
South Carolina,2513329,1091541,1385103,2020,0.44073391250417904,0.559266087495821
South Dakota,422609,150471,261043,2020,0.365652201383185,0.634347798616815
Tennessee,3045401,1139289,1849467,2020,0.3811917065160221,0.6188082934839779
Texas,11231799,5211406,5860096,2020,0.47070451687584935,0.5292954831241506
Utah,1408163,527607,818784,2020,0.39186759269781213,0.6081324073021879
Vermont,367428,242820,112704,2020,0.6829918655280656,0.3170081344719344
Virginia,4452022,2406841,1960187,2020,0.5511393561021363,0.44886064389786373
Washington,4060747,2356584,1572345,2020,0.5998031524621595,0.40019684753784046
West Virginia,793747,235657,544826,2020,0.3019373900520575,0.6980626099479424
Wisconsin,3297114,1630389,1609879,2020,0.5031648616719357,0.4968351383280642
Wyoming,276765,73491,193559,2020,0.27519565624414905,0.724804343755851
Alabama,1182850,659170,504070,1976,56.66672397785496,43.33327602214504
Alabama,1341929,636730,654192,1980,49.323661692960535,50.67633830703947
Alabama,1441713,551899,872849,1984,38.736604648681734,61.26339535131827
Alabama,1378476,549506,815576,1988,40.254431601911094,59.74556839808891
Alabama,1688060,690080,804283,1992,46.178873540097015,53.82112645990298
Alabama,1534349,662165,769044,1996,46.266128846311055,53.73387115368894
Alabama,1666272,692611,941173,2000,42.39305807866891,57.60694192133109
Alabama,1883415,693933,1176394,2004,37.10222864771775,62.89777135228225
Alabama,2099819,813479,1266546,2008,39.109097246427325,60.890902753572675
Alabama,2074338,795696,1255925,2012,38.78377146656229,61.216228533437715
Alabama,2123372,729547,1318255,2016,35.62585640603926,64.37414359396074
Alaska,123574,44058,71555,1976,38.108171226419174,61.891828773580826
Alaska,158445,41842,86112,1980,32.70081435515888,67.29918564484112
Alaska,207605,62007,138377,1984,30.944087352283617,69.05591264771638
Alaska,200116,72584,119251,1988,37.83668256574661,62.16331743425339
Alaska,258506,78294,102000,1992,43.42573796132983,56.57426203867018
Alaska,241620,80380,122746,1996,39.57149749416618,60.42850250583381
Alaska,285560,79004,167398,2000,32.06305143627081,67.93694856372919
Alaska,312598,111025,190889,2004,36.77371701875368,63.22628298124632
Alaska,326197,123594,193841,2008,38.9352150834029,61.064784916597105
Alaska,300495,122640,164676,2012,42.684709518439625,57.315290481560375
Alaska,318608,116454,163387,2016,41.61434528893193,58.38565471106807
Arizona,742719,295602,418642,1976,41.38669698310382,58.61330301689619
Arizona,873945,246843,529688,1980,31.78791316766491,68.21208683233509
Arizona,1025897,333854,681416,1984,32.883272429993994,67.116727570006
Arizona,1171873,454029,702541,1988,39.25650846900749,60.7434915309925
Arizona,1486975,543050,572086,1992,48.69809601698806,51.30190398301194
Arizona,1404405,653288,622073,1996,51.22377115185426,48.77622884814574
Arizona,1532016,685341,781652,2000,46.71740083286014,53.28259916713986
Arizona,2012585,893524,1104294,2004,44.72499496951174,55.275005030488266
Arizona,2293475,1034707,1230111,2008,45.68609928038368,54.31390071961633
Arizona,2299254,1025232,1233654,2012,45.38661977629681,54.61338022370319
Arizona,2573165,1161167,1252401,2016,48.10997659896054,51.89002340103946
Arkansas,767535,498604,267903,1976,65.04885147819915,34.951148521800846
Arkansas,837582,398041,403164,1980,49.68029405707653,50.31970594292348
Arkansas,884406,338646,534774,1984,38.77241189805592,61.227588101944086
Arkansas,827738,349237,466578,1988,42.8083572868849,57.19164271311511
Arkansas,950653,505823,337324,1992,59.992267066122515,40.007732933877485
Arkansas,884262,475171,325416,1996,59.35282486475548,40.64717513524451
Arkansas,921781,422768,472940,2000,47.19931048957919,52.80068951042081
Arkansas,1054945,469953,572898,2004,45.06425174833222,54.93574825166778
Arkansas,1086617,422310,638017,2008,39.82827938928274,60.17172061071726
Arkansas,1069468,394409,647744,2012,37.84559464877038,62.15440535122961
Arkansas,1130635,380494,684872,2016,35.714862310229535,64.28513768977047
California,7803770,3742284,3882244,1976,49.082172693181796,50.91782730681821
California,8582938,3082943,4522994,1980,40.53337544079053,59.46662455920947
California,9505041,3922519,5467009,1984,41.77546517780233,58.22453482219766
California,9887065,4702233,5054917,1988,48.19268946362411,51.80731053637588
California,11131721,5121325,3630574,1992,58.51672876937908,41.48327123062092
California,10019469,5119835,3828381,1996,57.21626523096894,42.78373476903106
California,10965822,5861203,4567429,2000,56.20298999907178,43.79701000092822
California,12421353,6745485,5509826,2004,55.041320452822454,44.958679547177546
California,13561900,8274473,5011781,2008,62.27844959158541,37.721550408414586
California,13038547,7854285,4839958,2012,61.872811163296625,38.12718883670338
California,14181595,8753788,4483810,2016,66.12822054272989,33.871779457270115
Colorado,1081440,460801,584278,1976,44.09245616838536,55.907543831614646
Colorado,1184450,368009,652264,1980,36.06965978713541,63.9303402128646
Colorado,1295380,454975,821817,1984,35.634230164349404,64.3657698356506
Colorado,1372394,621453,728177,1988,46.04617561850285,53.95382438149715
Colorado,1569180,629681,562850,1992,52.80206552282498,47.19793447717502
Colorado,1510702,671152,691848,1996,49.240792369772564,50.75920763022744
Colorado,1741368,738227,883748,2000,45.51408005672097,54.48591994327903
Colorado,2129630,1001732,1101255,2004,47.63377044175737,52.36622955824264
Colorado,2401361,1288576,1073589,2008,54.55063469317343,45.44936530682658
Colorado,2569516,1323101,1185243,2012,52.74798831420252,47.252011685797484
Colorado,2780220,1338870,1202484,2016,52.68333337268244,47.316666627317566
Connecticut,1386355,647895,719261,1976,47.38998329378652,52.61001670621348
Connecticut,1406285,541732,677210,1980,44.44280367728735,55.55719632271264
Connecticut,1466900,569597,890877,1984,39.000831236981966,60.999168763018034
Connecticut,1443394,676584,750241,1988,47.418849543567006,52.581150456432994
Connecticut,1616156,682318,578313,1992,54.12511670742668,45.87488329257332
Connecticut,1392614,735740,483109,1996,60.363506882312734,39.63649311768726
Connecticut,1459525,816015,561094,2000,59.25565804885452,40.74434195114548
Connecticut,1578769,857488,693826,2004,55.27494756058412,44.725052439415876
Connecticut,1646792,997772,629428,2008,61.31833824975418,38.68166175024582
Connecticut,1558204,905083,634892,2012,58.772577476907095,41.227422523092905
Connecticut,1644920,897572,673215,2016,57.14154751726363,42.85845248273636
Delaware,235642,122461,109780,1976,52.7301380893124,47.2698619106876
Delaware,235668,105754,111252,1980,48.73321474982259,51.26678525017741
Delaware,254572,101656,152190,1984,40.04632730080442,59.95367269919557
Delaware,249891,108647,139639,1988,43.75881040413072,56.24118959586928
Delaware,289620,126054,102313,1992,55.19799270472529,44.80200729527471
Delaware,270810,140355,99062,1996,58.623656632569954,41.376343367430046
Delaware,327529,180068,137288,2000,56.740064785288446,43.259935214711554
Delaware,375190,200152,171660,2004,53.83150624509161,46.1684937549084
Delaware,412412,255459,152374,2008,62.63813864988855,37.36186135011144
Delaware,413890,242584,165484,2012,59.44695491927816,40.55304508072184
Delaware,441590,235603,185127,2016,55.998621443681216,44.001378556318784
District of Columbia,168830,137818,27873,1976,83.17772238685264,16.822277613147367
District of Columbia,173889,130231,23313,1980,84.8167300578336,15.183269942166413
District of Columbia,211288,180408,29009,1984,86.14773394710076,13.852266052899239
District of Columbia,192877,159407,27590,1988,85.24575260565678,14.754247394343226
District of Columbia,227572,192619,20698,1992,90.29706961939273,9.702930380607265
District of Columbia,185726,158220,17339,1996,90.12354820886426,9.876451791135743
District of Columbia,201894,171923,18073,2000,90.48769447777848,9.51230552222152
District of Columbia,227586,202970,21256,2004,90.52027864743607,9.479721352563931
District of Columbia,265853,245800,17367,2008,93.40076833341567,6.599231666584336
District of Columbia,293764,267070,21381,2012,92.58764920211752,7.412350797882484
District of Columbia,312575,282830,12723,2016,95.69518834185409,4.304811658145916
Florida,3150631,1636000,1469531,1976,52.6802018720792,47.3197981279208
Florida,3686927,1419475,2046951,1980,40.94923705280309,59.05076294719691
Florida,4180051,1448816,2730350,1984,34.66758678645452,65.33241321354548
Florida,4302313,1656701,2618885,1988,38.747928354148414,61.25207164585159
Florida,5313392,2071698,2173310,1992,48.803158910419015,51.19684108958098
Florida,5303154,2546870,2244536,1996,53.15496119510641,46.8450388048936
Florida,5963110,2912253,2912790,2000,49.99539059196644,50.00460940803355
Florida,7609810,3583544,3964522,2004,47.47632042433121,52.523679575668794
Florida,8390744,4282074,4045624,2008,51.419660030899294,48.580339969100706
Florida,8474179,4237756,4163447,2012,50.442252139366225,49.55774786063377
Florida,9420039,4504975,4617886,2016,49.38116452722452,50.61883547277548
Georgia,1463152,979409,483743,1976,66.93829485931741,33.06170514068258
Georgia,1596805,890955,654168,1980,57.66239969245167,42.33760030754833
Georgia,1776103,706628,1068722,1984,39.802179851860195,60.197820148139805
Georgia,1809672,714792,1081331,1988,39.796383655239644,60.203616344760356
Georgia,2321133,1008966,995252,1992,50.342128451096634,49.657871548903366
Georgia,2298899,1053849,1080843,1996,49.36773080144583,50.63226919855417
Georgia,2583208,1116230,1419720,2000,44.01624637709734,55.983753622902654
Georgia,3301875,1366149,1914254,2004,41.64576730359044,58.35423269640956
Georgia,3924486,1844123,2048759,2008,47.37166448918821,52.62833551081179
Georgia,3897839,1773827,2078688,2012,46.04335090194328,53.95664909805672
Georgia,4114732,1877963,2089104,2016,47.338827400696786,52.66117259930322
Hawaii,291301,147375,140003,1976,51.28263123829938,48.71736876170062
Hawaii,303287,135879,130112,1980,51.0840592350869,48.915940764913096
Hawaii,335846,147154,185050,1984,44.296275782350605,55.703724217649395
Hawaii,354461,192364,158625,1988,54.80627598015892,45.19372401984108
Hawaii,372842,179310,136822,1992,56.719977730821306,43.280022269178694
Hawaii,360120,205012,113943,1996,64.27615180824881,35.72384819175119
Hawaii,367951,205286,137845,2000,59.827296280429344,40.172703719570656
Hawaii,429013,231708,194191,2004,54.40444800293027,45.59555199706973
Hawaii,456064,325871,120566,2008,72.99372587845542,27.00627412154459
Hawaii,437159,306658,121015,2012,71.70384850107442,28.296151498925582
Hawaii,437664,266891,128847,2016,67.44133745053546,32.55866254946454
Idaho,340932,126549,204151,1976,38.267009374055036,61.732990625944964
Idaho,437431,110192,290699,1980,27.48677321266878,72.51322678733122
Idaho,411144,108510,297523,1984,26.72442880258501,73.27557119741499
Idaho,408968,147272,253881,1988,36.71217714936695,63.28782285063305
Idaho,482114,137013,202645,1992,40.33851697884342,59.66148302115658
Idaho,491711,165443,256595,1996,39.20097242428407,60.79902757571594
Idaho,501615,138637,336937,2000,29.151509544255994,70.84849045574401
Idaho,598376,181098,409235,2004,30.6772618166357,69.32273818336431
Idaho,655122,236440,403012,2008,36.97541019497945,63.02458980502055
Idaho,652274,212787,420911,2012,33.578613156424666,66.42138684357533
Idaho,690255,189765,409055,2016,31.689823319194417,68.31017668080558
Illinois,4721282,2271295,2364269,1976,48.99716625636061,51.0028337436394
Illinois,4749721,1981413,2358049,1980,45.660337617889034,54.339662382110966
Illinois,4819088,2086499,2707103,1984,43.52674669277925,56.47325330722075
Illinois,4559120,2215940,2310939,1988,48.95072300364114,51.04927699635886
Illinois,5050157,2453350,1734096,1992,58.5882182122468,41.411781787753206
Illinois,4311391,2341744,1587021,1996,59.60509218545778,40.39490781454223
Illinois,4742108,2589026,2019421,2000,56.18001031583959,43.81998968416041
Illinois,5274322,2891550,2345946,2004,55.20863404955345,44.79136595044655
Illinois,5522371,3419348,2031179,2008,62.73426404455936,37.26573595544064
Illinois,5242014,3019512,2135216,2012,58.5775233921169,41.42247660788309
Illinois,5536424,3090729,2146015,2016,59.02005139071148,40.97994860928852
Indiana,2220362,1014714,1183958,1976,46.15122219230518,53.84877780769482
Indiana,2242033,844197,1255656,1980,40.20267132985023,59.79732867014976
Indiana,2233069,841481,1377230,1984,37.926570878316284,62.07342912168372
Indiana,2168621,860643,1297763,1988,39.87400887506799,60.12599112493201
Indiana,2305871,848420,989375,1992,46.16510546606123,53.83489453393877
Indiana,2135431,887424,1006693,1996,46.851593644954356,53.14840635504565
Indiana,2199302,901980,1245836,2000,41.995217467418065,58.004782532581935
Indiana,2468002,969011,1479438,2004,39.57652375034154,60.42347624965846
Indiana,2751054,1374039,1345648,2008,50.52195344537809,49.47804655462191
Indiana,2624534,1152887,1420543,2012,44.799625402672696,55.200374597327304
Indiana,2734958,1033126,1557286,2016,39.88269047549193,60.117309524508066
Iowa,1279303,619931,632864,1976,49.48383414684765,50.51616585315235
Iowa,1317661,508672,676026,1980,42.93684972879164,57.063150271208364
Iowa,1319805,605620,703088,1984,46.27617466997986,53.72382533002015
Iowa,1225614,670557,545355,1988,55.14848114008251,44.85151885991749
Iowa,1354607,586353,504891,1992,53.73252911356213,46.26747088643786
Iowa,1234075,620258,492644,1996,55.73338892373273,44.26661107626727
Iowa,1353022,638517,634373,2000,50.16277918751817,49.83722081248183
Iowa,1506908,741898,751957,2004,49.66332073728709,50.33667926271291
Iowa,1537123,828940,682379,2008,54.84877778946735,45.15122221053265
Iowa,1582180,822544,730617,2012,52.959351928100176,47.040648071899824
Iowa,1565580,653669,800983,2016,44.93645215487965,55.06354784512034
Kansas,957845,430421,502752,1976,46.12445923746186,53.87554076253813
Kansas,979795,326150,566812,1980,36.52451056147966,63.47548943852034
Kansas,1021991,333149,677296,1984,32.970522888430345,67.02947711156966
Kansas,993044,422636,554049,1988,43.27249829781352,56.72750170218648
Kansas,1157236,390434,449951,1992,46.45894441238242,53.54105558761758
Kansas,1074300,387659,583245,1996,39.92763445201585,60.07236554798414
Kansas,1072216,399276,622332,2000,39.083092536471916,60.916907463528084
Kansas,1187756,434993,736456,2004,37.132901218917766,62.867098781082234
Kansas,1235872,514765,699655,2008,42.38772418109056,57.61227581890944
Kansas,1159971,440726,692634,2012,38.886673254746945,61.11332674525305
Kansas,1184402,427005,671018,2016,38.888529657393335,61.111470342606665
Kentucky,1167142,615717,531852,1976,53.65402864664347,46.34597135335653
Kentucky,1295627,617417,635274,1980,49.28725439873041,50.71274560126958
Kentucky,1369345,539539,821702,1984,39.635817610548024,60.36418238945198
Kentucky,1322517,580368,734281,1988,44.14623218821146,55.85376781178854
Kentucky,1492900,665104,617178,1992,51.86877769476605,48.13122230523395
Kentucky,1388708,636614,623283,1996,50.52905118434284,49.47094881565715
Kentucky,1544106,638923,872520,2000,42.272384734323424,57.727615265676576
Kentucky,1795882,712733,1069439,2004,39.992380084526076,60.00761991547393
Kentucky,1826620,751985,1048462,2008,41.76657241229539,58.23342758770461
Kentucky,1797212,679370,1087190,2012,38.45722760619509,61.54277239380491
Kentucky,1924149,628854,1202971,2016,34.32937098249014,65.67062901750987
Louisiana,1277383,661365,587446,1976,52.95957514788066,47.04042485211934
Louisiana,1548591,708453,792853,1980,47.18911401140074,52.81088598859925
Louisiana,1706822,651586,1037299,1984,38.58083883745785,61.419161162542146
Louisiana,1628202,717460,883702,1988,44.80870767605027,55.19129232394974
Louisiana,1790017,815971,733386,1992,52.66513786041565,47.33486213958435
Louisiana,1783959,927837,712586,1996,56.56083827159214,43.43916172840785
Louisiana,1765656,792344,927871,2000,46.06075403365277,53.93924596634723
Louisiana,1943106,820299,1102169,2004,42.66905873075651,57.330941269243496
Louisiana,1960761,782989,1148275,2008,40.542825838414636,59.45717416158537
Louisiana,1994065,809141,1152262,2012,41.25317438588602,58.74682561411397
Louisiana,2029032,780154,1178638,2016,39.82832276219221,60.1716772378078
Maine,482968,232279,236320,1976,49.568821102904614,50.431178897095386
Maine,523011,220974,238522,1980,48.090516565976635,51.909483434023365
Maine,553144,214515,336500,1984,38.93088209939838,61.06911790060162
Maine,555035,243569,307131,1988,44.228981296531686,55.771018703468314
Maine,679499,263420,206504,1992,56.055872864548306,43.94412713545169
Maine,605897,312788,186378,1996,62.662120416855316,37.337879583144684
Maine,651817,319951,286616,2000,52.74784154100042,47.25215845899958
Maine,740752,396842,330201,2004,54.5830164103086,45.4169835896914
Maine,731163,421923,295273,2008,58.8295249834076,41.1704750165924
Maine,724758,401306,292276,2012,57.85992139357711,42.14007860642289
Maine,771892,357735,335593,2016,51.59679112916253,48.40320887083747
Maryland,1432273,759612,672661,1976,53.035419923436386,46.964580076563614
Maryland,1540496,726161,680606,1980,51.6191380662185,48.380861933781496
Maryland,1675873,787935,879918,1984,47.24247280785537,52.75752719214463
Maryland,1714358,826304,876167,1988,48.53556976888299,51.46443023111701
Maryland,1984580,988571,707094,1992,58.299900039217654,41.70009996078235
Maryland,1780870,966207,681530,1996,58.63842348627239,41.36157651372761
Maryland,2025212,1144008,813827,2000,58.432298942454295,41.56770105754571
Maryland,2384238,1334493,1024703,2004,56.565584207501196,43.4344157924988
Maryland,2631596,1629467,959862,2008,62.93008729288553,37.06991270711447
Maryland,2707327,1677844,971869,2012,63.32172578690598,36.67827421309402
Maryland,2781446,1677928,943169,2016,64.01624968476939,35.98375031523061
Massachusetts,2547558,1429475,1030276,1976,58.114622171105935,41.88537782889406
Massachusetts,2524090,1053802,1057631,1980,49.90932698314368,50.09067301685632
Massachusetts,2559383,1239606,1310936,1984,48.60166976274062,51.39833023725937
Massachusetts,2632801,1401415,1194635,1988,53.98258893318696,46.01741106681304
Massachusetts,2773664,1318639,805039,1992,62.09222867120157,37.90777132879843
Massachusetts,2556459,1571509,718058,1996,68.63782540541509,31.362174594584914
Massachusetts,2733964,1616487,878502,2000,64.78934376063381,35.21065623936618
Massachusetts,2927455,1803800,1071109,2004,62.74285551299189,37.25714448700811
Massachusetts,3102995,1904097,1108854,2008,63.19707821335295,36.80292178664705
Massachusetts,3184196,1921290,1188314,2012,61.78568074906001,38.214319250939994
Massachusetts,3378821,1995196,1090893,2016,64.65127868962949,35.34872131037051
Michigan,3651590,1696714,1893742,1976,47.25622595013001,52.743774049869984
Michigan,3909725,1661532,1915225,1980,46.45358910320159,53.54641089679841
Michigan,3801658,1529638,2251571,1984,40.45367500183142,59.54632499816858
Michigan,3669163,1675783,1965486,1988,46.02195003994486,53.97804996005513
Michigan,4274673,1871182,1554940,1992,54.61515964697112,45.38484035302888
Michigan,3848844,1989653,1481212,1996,57.32441336669677,42.675586633303226
Michigan,4232501,2170418,1953139,2000,52.63460648173409,47.365393518265904
Michigan,4839252,2479183,2313746,2004,51.72584446796521,48.2741555320348
Michigan,5001596,2872579,2048639,2008,58.37130157615452,41.62869842384548
Michigan,4730961,2564569,2115256,2012,54.80053207117788,45.19946792882212
Michigan,4799284,2268839,2279543,2016,49.88233178303845,50.117668216961555
Minnesota,1949931,1070440,819395,1976,56.6419819719711,43.3580180280289
Minnesota,2051916,954173,873268,1980,52.213614557186794,47.7863854428132
Minnesota,2084449,1036364,1032603,1984,50.09089076819495,49.90910923180505
Minnesota,2096790,1109471,962337,1988,53.55085992524404,46.44914007475596
Minnesota,2347948,1020997,747841,1992,57.72134022448636,42.278659775513646
Minnesota,2192492,1120380,766395,1996,59.380689271375765,40.61931072862424
Minnesota,2438685,1168266,1109659,2000,51.28641197581132,48.71358802418868
Minnesota,2828387,1445014,1346695,2004,51.76091061066895,48.23908938933105
Minnesota,2910369,1573354,1275409,2008,55.22937499539273,44.77062500460726
Minnesota,2936561,1546167,1320225,2012,53.941226461698186,46.058773538301814
Minnesota,2944782,1367705,1322949,2016,50.83169370718048,49.168306292819516
Mississippi,768390,381329,366846,1976,50.9678885287533,49.0321114712467
Mississippi,891750,429281,441089,1980,49.321667796454385,50.678332203545615
Mississippi,941104,352192,582377,1984,37.68496494105839,62.315035058941604
Mississippi,931527,363921,557890,1988,39.478917044817216,60.52108295518279
Mississippi,981793,400258,487793,1992,45.071510532615804,54.92848946738419
Mississippi,893857,394022,439838,1996,47.252776245412896,52.747223754587104
Mississippi,994184,404614,572844,2000,41.394515160753706,58.605484839246294
Mississippi,1139824,457766,672660,2004,40.49499923037864,59.50500076962136
Mississippi,1289865,554662,724597,2008,43.358069007136166,56.64193099286384
Mississippi,1285584,562949,710746,2012,44.19810080121222,55.80189919878777
Mississippi,1209357,485131,700714,2016,40.91015267593994,59.08984732406006
Missouri,1953600,998387,927443,1976,51.841907125758766,48.158092874241234
Missouri,2099824,931182,1074181,1980,46.434585658556585,53.565414341443415
Missouri,2122771,848583,1274188,1984,39.975249332122964,60.024750667877036
Missouri,2093228,1001619,1084953,1988,48.00308831902278,51.99691168097722
Missouri,2391270,1053873,811159,1992,56.50696610031356,43.49303389968644
Missouri,2158065,1025935,890016,1996,53.54703747642815,46.45296252357184
Missouri,2359892,1111138,1189924,2000,48.288051343249336,51.711948656750664
Missouri,2731364,1259171,1455713,2004,46.38028733456015,53.61971266543984
Missouri,2925205,1441911,1445814,2008,49.93242085032335,50.06757914967665
Missouri,2757323,1223796,1482440,2012,45.22133324662003,54.778666753379966
Missouri,2808605,1071068,1594511,2016,40.18143900443393,59.81856099556606
Montana,328734,149259,173703,1976,46.21565385401378,53.78434614598622
Montana,363952,118032,206814,1980,36.33475554570473,63.66524445429527
Montana,384377,146742,232450,1984,38.698601236313,61.301398763687
Montana,365674,168936,190412,1988,47.01181027861572,52.98818972138428
Montana,410583,154507,144207,1992,51.7240571248753,48.2759428751247
Montana,407083,167922,179652,1996,48.312589549275835,51.68741045072416
Montana,410986,137126,240178,2000,36.343638021330285,63.656361978669715
Montana,450434,173710,266063,2004,39.49992382433665,60.50007617566335
Montana,490109,231667,242763,2008,48.83059671605927,51.16940328394073
Montana,484048,201839,267928,2012,42.96576813611854,57.03423186388146
Montana,494526,177709,279240,2016,38.89033568297556,61.10966431702444
Nebraska,606749,233293,359219,1976,39.373548552603154,60.626451447396846
Nebraska,639533,166424,419214,1980,28.417554871780858,71.58244512821913
Nebraska,652090,187866,460054,1984,28.995246326707004,71.004753673293
Nebraska,661465,259235,397956,1988,39.4459145058286,60.5540854941714
Nebraska,737546,216864,343678,1992,38.688269567668435,61.311730432331565
Nebraska,677415,236761,363467,1996,39.44517749921697,60.55482250078303
Nebraska,697019,231780,433862,2000,34.82051913791497,65.17948086208503
Nebraska,778186,254328,512814,2004,33.1526627404053,66.84733725959471
Nebraska,801281,333319,452979,2008,42.39092557783436,57.60907442216564
Nebraska,794379,302081,475064,2012,38.870609731774636,61.12939026822536
Nebraska,844227,284494,495961,2016,36.45232588682243,63.547674113177564
Nevada,201876,92479,101273,1976,47.73060407118378,52.26939592881622
Nevada,243692,66666,155017,1980,30.07267133699923,69.92732866300078
Nevada,282717,91655,188770,1984,32.68431844521708,67.31568155478291
Nevada,343133,132738,206040,1988,39.18141083541434,60.81858916458566
Nevada,506318,189148,175828,1992,51.824777519617726,48.175222480382274
Nevada,464279,203974,199244,1996,50.58653135524703,49.41346864475296
Nevada,609426,279978,301575,2000,48.14316150032757,51.85683849967243
Nevada,829587,397190,418690,2004,48.6824042751385,51.3175957248615
Nevada,967848,533736,412827,2008,56.3867381251961,43.6132618748039
Nevada,1014918,531373,463567,2012,53.407542163346534,46.592457836653466
Nevada,1125385,539260,512058,2016,51.2937094199852,48.7062905800148
New Hampshire,339627,147645,185935,1976,44.260747047185085,55.73925295281492
New Hampshire,383990,108864,221705,1980,32.93230762715197,67.06769237284803
New Hampshire,388904,120347,267050,1984,31.065547745594312,68.93445225440568
New Hampshire,450525,163696,281537,1988,36.76636727286612,63.23363272713388
New Hampshire,537215,209040,202484,1992,50.7965513554495,49.2034486445505
New Hampshire,496597,246166,196486,1996,55.61163171068921,44.38836828931079
New Hampshire,569081,266348,273559,2000,49.3321998047812,50.6678001952188
New Hampshire,678287,340511,331237,2004,50.690288620137316,49.309711379862684
New Hampshire,710970,384826,316534,2008,54.868541120109505,45.131458879890495
New Hampshire,710972,369561,329918,2012,52.83375197825811,47.16624802174189
New Hampshire,744296,348526,345790,2016,50.1970284423807,49.802971557619294
New Jersey,3014472,1444653,1509688,1976,48.899331526049295,51.100668473950705
New Jersey,2975684,1147364,1546557,1980,42.59085548536872,57.40914451463127
New Jersey,3217862,1261323,1933630,1984,39.47860891850365,60.52139108149635
New Jersey,3099553,1320352,1743192,1988,43.098842386464824,56.90115761353517
New Jersey,3343594,1436206,1356865,1992,51.42031835209345,48.579681647906554
New Jersey,3075860,1652361,1103099,1996,59.9667932033127,40.0332067966873
New Jersey,3187226,1788850,1284173,2000,58.211409416720926,41.788590583279074
New Jersey,3611691,1911430,1670003,2004,53.37053631884221,46.629463681157794
New Jersey,3868237,2215422,1613207,2008,57.864629871423944,42.13537012857605
New Jersey,3638499,2122786,1478088,2012,58.95196555058577,41.04803444941423
New Jersey,3874046,2148278,1601933,2016,57.284190142901295,42.715809857098705
New Mexico,416590,201148,211419,1976,48.755232483451174,51.244767516548826
New Mexico,456237,167826,250779,1980,40.09173325688895,59.90826674311105
New Mexico,514370,201769,307101,1984,39.6504018708118,60.349598129188195
New Mexico,521387,244497,270341,1988,47.490084259514646,52.509915740485354
New Mexico,569986,261617,212824,1992,55.14215676975641,44.857843230243596
New Mexico,556074,273495,232751,1996,54.02413056103159,45.97586943896841
New Mexico,598605,286783,286417,2000,50.03192602930914,49.96807397069086
New Mexico,756304,370942,376930,2004,49.59966411364511,50.40033588635489
New Mexico,830158,472422,346832,2008,57.664900018797596,42.33509998120241
New Mexico,783758,415335,335788,2012,55.295204646908694,44.704795353091306
New Mexico,798319,385234,319667,2016,54.65079493432411,45.34920506567589
New York,6668262,3244165,2825913,1976,53.4451946087019,46.5548053912981
New York,6201959,2728372,2637700,1980,50.84486380354196,49.155136196458045
New York,6806810,3001285,3376519,1984,47.0582821297111,52.9417178702889
New York,6485683,3255487,2838414,1988,53.42205263918793,46.57794736081207
New York,7079432,3346894,2041690,1992,62.11082540422493,37.88917459577507
New York,6439129,3649630,1738707,1996,67.7320293812358,32.26797061876419
New York,6960215,3942215,2258577,2000,63.57599158301068,36.42400841698931
New York,7448266,4180755,2806993,2004,59.829790656446114,40.170209343553886
New York,7722019,4645332,2418323,2008,65.76385737978427,34.23614262021574
New York,7116784,4324228,2223397,2012,66.04269487027739,33.957305129722606
New York,7802084,4379789,2527142,2016,63.41150649977537,36.58849350022463
North Carolina,1677906,927365,741960,1976,55.55329249846495,44.44670750153505
North Carolina,1855833,875635,915018,1980,48.90031737025543,51.09968262974457
North Carolina,2175361,824287,1346481,1984,37.97213705011314,62.02786294988686
North Carolina,2134370,890167,1237258,1988,41.84246213144999,58.15753786855
North Carolina,2611850,1114042,1134661,1992,49.541535720813286,50.45846427918671
North Carolina,2515807,1107849,1225938,1996,47.47001333026536,52.52998666973464
North Carolina,2914990,1257692,1631163,2000,43.53600301849695,56.46399698150305
North Carolina,3501007,1525849,1961166,2004,43.75802799815888,56.24197200184111
North Carolina,4310851,2142651,2128474,2008,50.16596330006732,49.83403669993269
North Carolina,4505372,2178391,2270395,2012,48.965965096995,51.034034903005
North Carolina,4741564,2189316,2362631,2016,48.096254196281286,51.903745803718714
North Dakota,297308,136078,153684,1976,46.96198949482679,53.03801050517322
North Dakota,301116,79189,193695,1980,29.019290247870888,70.98070975212912
North Dakota,308971,104429,200336,1984,34.265417616852325,65.73458238314767
North Dakota,297261,127739,166559,1988,43.40464427213233,56.59535572786767
North Dakota,308133,99168,136244,1992,42.12529522709122,57.87470477290877
North Dakota,266411,106905,125050,1996,46.08868099415835,53.91131900584165
North Dakota,288256,95284,174852,2000,35.27260342938372,64.72739657061628
North Dakota,312833,111052,196651,2004,36.09064585005671,63.90935414994329
North Dakota,316621,141278,168601,2008,45.59134371803188,54.40865628196813
North Dakota,322932,124966,188320,2012,39.888791711088274,60.11120828891173
North Dakota,344360,93758,216794,2016,30.190757103480255,69.80924289651973
Ohio,4110456,2009959,2000626,1976,50.11635459664861,49.88364540335138
Ohio,4283603,1752414,2206545,1980,44.26451498992538,55.73548501007461
Ohio,4563235,1825440,2678559,1984,40.529316280931674,59.47068371906832
Ohio,4393585,1939629,2416549,1988,44.525935349749254,55.474064650250746
Ohio,4939967,1984942,1894310,1992,51.16816334695452,48.831836653045485
Ohio,4534434,2148222,1859883,1996,53.59694918172055,46.40305081827946
Ohio,4701998,2183628,2350363,2000,48.16127777933392,51.83872222066608
Ohio,5627903,2741165,2859764,2004,48.94125599521079,51.058744004789204
Ohio,5708350,2940044,2677820,2008,52.33384076225413,47.66615923774587
Ohio,5580822,2827621,2661407,2012,51.51405676924949,48.48594323075051
Ohio,5496487,2394164,2841005,2016,45.7323154228641,54.26768457713591
Oklahoma,1092251,532442,545708,1976,49.384779483374295,50.615220516625705
Oklahoma,1149708,402026,695570,1980,36.6278667196309,63.372133280369106
Oklahoma,1255676,385080,861530,1984,30.890174152301043,69.10982584769896
Oklahoma,1171036,483423,678367,1988,41.61018772755833,58.38981227244167
Oklahoma,1390359,473066,592929,1992,44.37788169738132,55.62211830261868
Oklahoma,1206713,488105,582315,1996,45.59939089329422,54.40060910670578
Oklahoma,1234229,474276,744337,2000,38.919328777881084,61.08067122211892
Oklahoma,1463758,503966,959792,2004,34.42959833524394,65.57040166475606
Oklahoma,1462661,502496,960165,2008,34.3549188773065,65.64508112269351
Oklahoma,1334872,443547,891325,2012,33.22768025698344,66.77231974301657
Oklahoma,1452992,420375,949136,2016,30.695262761671867,69.30473723832813
Oregon,1029876,490407,492120,1976,49.91282682307967,50.08717317692033
Oregon,1181516,456890,571044,1980,44.44740615642638,55.55259384357362
Oregon,1226527,536479,685700,1984,43.89528866066264,56.104711339337364
Oregon,1201694,616206,560126,1988,52.383680797597954,47.61631920240204
Oregon,1462643,621314,475757,1992,56.63389151659282,43.36610848340718
Oregon,1377760,649641,538152,1996,54.69311571965822,45.30688428034178
Oregon,1533950,720342,713577,2000,50.235891985530564,49.764108014469436
Oregon,1836782,943163,866831,2004,52.108625774450076,47.891374225549924
Oregon,1827864,1037291,738475,2008,58.41372117722719,41.58627882277282
Oregon,1789270,970488,754175,2012,56.27116717874738,43.72883282125262
Oregon,2001336,1002106,782403,2016,56.155838945054356,43.844161054945644
Pennsylvania,4620787,2328677,2205604,1976,51.3571390921736,48.6428609078264
Pennsylvania,4561501,1937540,2261872,1980,46.13836413288336,53.86163586711663
Pennsylvania,4844903,2228131,2584323,1984,46.29926852287835,53.70073147712166
Pennsylvania,4536251,2194944,2300087,1988,48.83045300466226,51.16954699533775
Pennsylvania,4959810,2239164,1791841,1992,55.548529461015306,44.451470538984694
Pennsylvania,4501307,2215819,1801169,1996,55.16120536083255,44.83879463916745
Pennsylvania,4912185,2485967,2281127,2000,52.14847871680315,47.85152128319685
Pennsylvania,5769590,2938095,2793847,2004,51.25828209706239,48.74171790293761
Pennsylvania,6013272,3276363,2655885,2008,55.229703815484456,44.77029618451555
Pennsylvania,5742040,2990274,2680434,2012,52.73193400189182,47.26806599810817
Pennsylvania,6115402,2926441,2970733,2016,49.62446419250984,50.37553580749017
Rhode Island,410584,227636,181249,1976,55.67237731880602,44.32762268119398
Rhode Island,415967,198342,154793,1980,56.166055474535234,43.833944525464766
Rhode Island,410489,197106,212080,1984,48.170269755074706,51.82973024492529
Rhode Island,404622,225123,177761,1988,55.87787055331063,44.12212944668937
Rhode Island,453365,213299,131601,1992,61.84372281820818,38.15627718179183
Rhode Island,390247,233050,104683,1996,69.0042133874984,30.99578661250159
Rhode Island,409112,249508,130555,2000,65.64911606759932,34.350883932400684
Rhode Island,437134,259760,169046,2004,60.57751057587814,39.42248942412186
Rhode Island,471766,296571,165391,2008,64.19813750914577,35.801862490854226
Rhode Island,446049,279677,157204,2012,64.01674597888211,35.98325402111788
Rhode Island,464144,252525,180543,2016,58.31070409265982,41.68929590734018
South Carolina,802583,450807,346149,1976,56.566109044915905,43.433890955084095
South Carolina,888258,428220,439277,1980,49.36270672982154,50.63729327017845
South Carolina,968529,344459,615539,1984,35.88122058587622,64.11877941412378
South Carolina,986009,370554,606443,1988,37.927854435581686,62.072145564418314
South Carolina,1228912,525514,577507,1992,47.64315457275972,52.35684542724029
South Carolina,1150182,506152,573339,1996,46.888024078014546,53.111975921985454
South Carolina,1383902,566037,786892,2000,41.83789393234974,58.162106067650264
South Carolina,1617700,661669,937974,2004,41.363541740250795,58.636458259749205
South Carolina,1920969,862449,1034896,2008,45.45557081079087,54.54442918920913
South Carolina,1964118,865941,1071645,2012,44.69174529543463,55.30825470456537
South Carolina,2103027,855373,1155389,2016,42.53974363947598,57.46025636052402
South Dakota,300678,147068,151505,1976,49.25696563319523,50.74303436680477
South Dakota,327703,103855,198343,1980,34.36654114190034,65.63345885809966
South Dakota,317867,116113,200267,1984,36.70048675643214,63.29951324356786
South Dakota,312991,145560,165415,1988,46.8076211914141,53.19237880858589
South Dakota,336254,124888,136718,1992,47.73896623166135,52.26103376833865
South Dakota,323826,139333,150543,1996,48.06641460486553,51.93358539513447
South Dakota,316269,118804,190700,2000,38.38528742762614,61.61471257237386
South Dakota,388215,149244,232584,2004,39.08670919890632,60.91329080109369
South Dakota,381975,170924,203054,2008,45.704292765884624,54.295707234115376
South Dakota,363815,145039,210610,2012,40.78150086180476,59.21849913819525
South Dakota,370093,117458,227721,2016,34.02814192056875,65.97185807943126
Tennessee,1476346,825879,633969,1976,56.57294458053167,43.42705541946833
Tennessee,1617616,783051,787761,1980,49.850077539514594,50.149922460485406
Tennessee,1711993,711714,990212,1984,41.818151905547005,58.181848094452995
Tennessee,1636250,679794,947233,1988,41.78135949802923,58.218640501970775
Tennessee,1982638,933521,841300,1992,52.598036647075965,47.40196335292404
Tennessee,1894105,909146,863530,1996,51.286642341860556,48.713357658139444
Tennessee,2076181,981720,1061949,2000,48.03713321482099,51.96286678517901
Tennessee,2437319,1036477,1384375,2004,42.81455454525927,57.18544545474072
Tennessee,2599749,1087437,1479178,2008,42.36852819764554,57.63147180235446
Tennessee,2458577,960709,1462330,2012,39.64892847370595,60.35107152629404
Tennessee,2508027,870695,1522925,2016,36.37565695473801,63.62434304526199
Texas,4071884,2082319,1953300,1976,51.59850322837711,48.401496771622895
Texas,4541636,1881147,2510705,1980,42.832659206184545,57.167340793815455
Texas,5397571,1949276,3433428,1984,36.21369482698659,63.78630517301341
Texas,5427410,2352748,3036829,1988,43.65366706886273,56.34633293113727
Texas,6154018,2281815,2496071,1992,47.75783683411451,52.2421631658855
Texas,5611644,2459683,2736167,1996,47.33937661787773,52.660623382122274
Texas,6407637,2433746,3799639,2000,39.04372985143706,60.95627014856294
Texas,7410749,2832704,4526917,2004,38.48980810289008,61.51019189710992
Texas,8077795,3528633,4479328,2008,44.06406324905928,55.93593675094072
Texas,7993851,3308124,4569843,2012,41.99210278489362,58.00789721510638
Texas,8969226,3877868,4685047,2016,45.28677442202802,54.71322557797199
Utah,541218,182110,337908,1976,35.01994161740555,64.98005838259445
Utah,604152,124266,439687,1980,22.034814957984086,77.96518504201592
Utah,629656,155369,469105,1984,24.879978990318254,75.12002100968175
Utah,647008,207343,428442,1988,32.612125168099276,67.38787483190072
Utah,743998,183429,322632,1992,36.24642088601967,63.75357911398033
Utah,665629,221633,361911,1996,37.98051218074387,62.019487819256135
Utah,770754,203053,515096,2000,28.274494568675863,71.72550543132414
Utah,927844,241199,663742,2004,26.65356083987796,73.34643916012205
Utah,952370,327670,596030,2008,35.47363862725994,64.52636137274007
Utah,1017440,251813,740600,2012,25.373811104852518,74.62618889514748
Utah,1131317,310674,515211,2016,37.617101654588716,62.382898345411284
Vermont,183902,77798,100387,1976,43.66136318994304,56.33863681005696
Vermont,213299,81952,94628,1980,46.410692037603354,53.589307962396646
Vermont,234561,95730,135865,1984,41.335089272220905,58.664910727779095
Vermont,243328,115775,124331,1988,48.218286923275556,51.781713076724444
Vermont,289701,133592,88122,1992,60.25420135850691,39.745798641493096
Vermont,258449,137894,80352,1996,63.182830384062015,36.81716961593798
Vermont,294308,149022,119775,2000,55.4403508967734,44.5596491032266
Vermont,312309,184067,121180,2004,60.30100213925116,39.69899786074883
Vermont,325046,219262,98974,2008,68.8991817393381,31.1008182606619
Vermont,299290,199239,92698,2012,68.24725882639062,31.752741173609373
Vermont,320467,178573,95369,2016,65.18642632382037,34.81357367617963
Virginia,1697094,813896,836554,1976,49.313581144536336,50.686418855463664
Virginia,1866032,752174,989609,1980,43.18413947087553,56.815860529124464
Virginia,2146635,796250,1337078,1984,37.32431206078015,62.67568793921985
Virginia,2191609,859799,1309162,1988,39.64105394241759,60.35894605758241
Virginia,2559129,1038650,1150517,1992,47.44498706585656,52.55501293414344
Virginia,2416642,1091060,1138350,1996,48.939405492933105,51.060594507066895
Virginia,2739447,1217290,1437490,2000,45.85276369416675,54.147236305833246
Virginia,3195415,1454742,1716959,2004,45.866303286469936,54.13369671353006
Virginia,3723260,1959532,1725005,2008,53.18258440612755,46.81741559387245
Virginia,3854489,1971820,1822522,2012,51.967376688764475,48.03262331123552
Virginia,3982752,1981473,1769443,2016,52.826376277154694,47.1736237228453
Washington,1555534,717323,777732,1976,47.979706432204836,52.020293567795164
Washington,1742394,650193,865244,1980,42.9046539051112,57.0953460948888
Washington,1874910,798352,1051670,1984,43.15364898363371,56.84635101636629
Washington,1865253,933516,903835,1988,50.80771175458582,49.19228824541418
Washington,2287565,993037,731234,1992,57.59170107251123,42.40829892748877
Washington,2253837,1123323,840712,1996,57.19465284478128,42.80534715521872
Washington,2487433,1247652,1108864,2000,52.944771009405414,47.055228990594586
Washington,2859084,1510201,1304894,2004,53.646537683452955,46.353462316547045
Washington,3036878,1750848,1229216,2008,58.75202680210895,41.24797319789105
Washington,3125516,1755396,1290670,2012,57.62829827062185,42.37170172937815
Washington,3317019,1742718,1221747,2016,58.786931200064764,41.21306879993523
West Virginia,750590,435864,314726,1976,58.06951864533234,41.93048135466766
West Virginia,737715,367462,334206,1980,52.36978172012975,47.63021827987025
West Virginia,735742,328125,405483,1984,44.72756567540158,55.27243432459842
West Virginia,653311,341016,310065,1988,52.376893197620575,47.623106802379425
West Virginia,683677,331001,241974,1992,57.76883808194074,42.23116191805925
West Virginia,636459,327812,233946,1996,58.35466517610786,41.645334823892135
West Virginia,648124,295497,336475,2000,46.75792598406259,53.24207401593741
West Virginia,755792,326541,423778,2004,43.52028937025452,56.47971062974548
West Virginia,713451,303857,397466,2008,43.32625623286275,56.67374376713725
West Virginia,670438,238269,417655,2012,36.32570236795726,63.67429763204273
West Virginia,713051,188794,489371,2016,27.838947748704225,72.16105225129577
Wisconsin,2101336,1040232,1004987,1976,50.86164366749967,49.13835633250033
Wisconsin,2273221,981584,1088845,1980,47.40969142143971,52.59030857856028
Wisconsin,2211689,995740,1198584,1984,45.377984290378265,54.62201570962173
Wisconsin,2191608,1126794,1047499,1988,51.82346629456104,48.17653370543896
Wisconsin,2531064,1041066,930855,1992,52.79450850211545,47.20549149788455
Wisconsin,2196169,1071971,845029,1996,55.91919666145019,44.08080333854982
Wisconsin,2598607,1242987,1237279,2000,50.115068303157805,49.884931696842195
Wisconsin,2997007,1489504,1478120,2004,50.19180327426924,49.80819672573075
Wisconsin,2983417,1677211,1262393,2008,57.055678247818406,42.94432175218159
Wisconsin,3071434,1620985,1410966,2012,53.46342998287241,46.53657001712759
Wisconsin,2976150,1382536,1405284,2016,49.59201096197028,50.40798903802971
Wyoming,156343,62239,92717,1976,40.16559539482176,59.83440460517825
Wyoming,176713,49427,110700,1980,30.86737402187014,69.13262597812985
Wyoming,188968,53370,133241,1984,28.599600237928097,71.40039976207191
Wyoming,176551,67113,106867,1988,38.575123577422694,61.42487642257731
Wyoming,199884,68160,79347,1992,46.20797657060343,53.79202342939657
Wyoming,211571,77934,105388,1996,42.51208256510402,57.48791743489598
Wyoming,213726,60481,147947,2000,29.01769435968296,70.98230564031705
Wyoming,243861,70776,167629,2004,29.687296826828298,70.31270317317171
Wyoming,254904,82868,164958,2008,33.43797664490409,66.56202335509592
Wyoming,250701,69286,170962,2012,28.839365988478573,71.16063401152142
Wyoming,258788,55973,174419,2016,24.294680370846212,75.70531962915379
Alabama,214980,NA,40930,1948,NA,NA
Arizona,177065,95251,77597,1948,55.106799037304455,44.893200962695545
Arkansas,242475,149659,50959,1948,74.59898912360805,25.40101087639195
California,4021538,1913134,1895269,1948,50.23454713169798,49.76545286830201
Colorado,515237,267288,239714,1948,52.71931866146484,47.28068133853515
Connecticut,883518,423297,437754,1948,49.16050268799409,50.83949731200591
Delaware,139073,67813,69588,1948,49.354080392428,50.645919607572
Florida,577643,281988,194280,1948,59.207840963491144,40.792159036508856
Georgia,418844,254646,76691,1948,76.85407907960777,23.14592092039223
Idaho,214816,107370,101514,1948,51.401734934221864,48.598265065778136
Illinois,3984046,1994715,1961103,1948,50.424842598926446,49.57515740107356
Indiana,1656212,807831,821079,1948,49.593347698767886,50.406652301232114
Iowa,1038264,522380,494018,1948,51.39522116336317,48.60477883663683
Kansas,788819,351902,423039,1948,45.41016670946562,54.58983329053437
Kentucky,822658,466756,341210,1948,57.76926256797934,42.23073743202065
Louisiana,416336,136344,72657,1948,65.23605150214593,34.763948497854074
Maine,264787,111916,150234,1948,42.69158878504673,57.30841121495327
Maryland,596748,286521,294814,1948,49.28672796236249,50.7132720376375
Massachusetts,2107146,1151788,909370,1948,55.88062632753045,44.11937367246955
Michigan,2109609,1003448,1038595,1948,49.1394157713623,50.8605842286377
Minnesota,1212226,692966,483617,1948,58.89648244110275,41.103517558897245
Mississippi,192190,19384,5043,1948,79.35481229786711,20.645187702132887
Missouri,1578628,917315,655039,1948,58.340233815031475,41.659766184968525
Montana,224278,119071,96770,1948,55.16607132101872,44.83392867898129
Nebraska,488940,224165,264774,1948,45.84723247685294,54.15276752314706
Nevada,62117,31291,29357,1948,51.594446642923096,48.405553357076904
New Hampshire,231440,107995,121299,1948,47.09892103587534,52.90107896412466
New Jersey,1949555,895455,981124,1948,47.71741557376482,52.28258442623519
New Mexico,187063,105464,80303,1948,56.77219312364413,43.22780687635587
New York,6177337,2780204,2841163,1948,49.457792028166814,50.542207971833186
North Carolina,791209,459070,258572,1948,63.96922142238052,36.03077857761948
North Dakota,220716,95812,115139,1948,45.41907836416988,54.58092163583012
Ohio,2936071,1452791,1445684,1948,50.12259895289765,49.87740104710235
Oklahoma,721599,452782,268817,1948,62.74703817494204,37.25296182505796
Oregon,524080,243147,260904,1948,48.23857109697233,51.76142890302767
Pennsylvania,3735348,1752426,1902197,1948,47.950937757465,52.049062242535
Rhode Island,327702,188736,135787,1948,58.1579733947979,41.8420266052021
South Carolina,142571,34423,5386,1948,86.47039614157602,13.529603858423975
South Dakota,250105,117653,129651,1948,47.57424061074629,52.42575938925371
Tennessee,550283,270402,202914,1948,57.129275156555025,42.870724843444975
Texas,1147245,750700,282240,1948,72.67605088388484,27.323949116115166
Utah,276306,149151,124402,1948,54.52362065120836,45.47637934879164
Vermont,123382,45557,75926,1948,37.500720265386924,62.499279734613076
Virginia,419256,200786,172070,1948,53.85081640096981,46.14918359903019
Washington,905058,476165,386314,1948,55.208880448103656,44.79111955189634
West Virginia,748750,429188,316251,1948,57.57520065357461,42.424799346425395
Wisconsin,1276800,647310,590959,1948,52.275394118725416,47.724605881274584
Wyoming,101425,52354,47947,1948,52.19688736901925,47.80311263098075
Alabama,426120,275075,149231,1952,64.82939199539955,35.17060800460045
Arizona,260570,108528,152042,1952,41.65022834555014,58.34977165444985
Arkansas,404800,226300,177155,1952,56.090518149483835,43.909481850516165
California,5141849,2197548,2897310,1952,43.13266434511031,56.86733565488969
Colorado,630103,245504,379782,1952,39.26267340065186,60.73732659934814
Connecticut,1096911,481649,611012,1952,44.0803689341891,55.91963106581089
Delaware,174025,83315,90059,1952,48.055071694717775,51.944928305282225
Florida,989337,444950,544036,1952,44.99052564950363,55.00947435049637
Georgia,655785,456823,198961,1952,69.66058946238395,30.339410537616047
Idaho,276254,95081,180707,1952,34.47611933804227,65.52388066195773
Illinois,4481058,2013920,2457327,1952,45.04157341341241,54.95842658658759
Indiana,1955049,801530,1136259,1952,41.36312054614821,58.63687945385179
Iowa,1268773,451513,808906,1952,35.82245269231898,64.17754730768101
Kansas,896166,273296,616302,1952,30.721292089235813,69.2787079107642
Kentucky,993148,495729,495029,1952,50.03532648739652,49.96467351260348
Louisiana,651952,345027,306925,1952,52.92214764277124,47.07785235722876
Maine,351786,118806,232353,1952,33.83253739758912,66.16746260241088
Maryland,902074,395337,499424,1952,44.18353057408627,55.81646942591374
Massachusetts,2383398,1083525,1292325,1952,45.60578319338342,54.39421680661658
Michigan,2798592,1230657,1551529,1952,44.233455275815494,55.766544724184506
Minnesota,1379483,608458,763211,1952,44.358952487808644,55.641047512191356
Mississippi,285532,172566,112966,1952,60.436658588179256,39.563341411820744
Missouri,1892062,929830,959429,1952,49.216650549236505,50.7833494507635
Montana,265037,106213,157394,1952,40.292177370100184,59.70782262989981
Nebraska,609660,188057,421603,1952,30.846209362595545,69.15379063740446
Nevada,82190,31688,50502,1952,38.55456868232145,61.44543131767855
New Hampshire,272950,106663,166287,1952,39.07785308664591,60.92214691335409
New Jersey,2418554,1015902,1373613,1952,42.514987350989635,57.48501264901036
New Mexico,238608,105661,132170,1952,44.42692500136652,55.57307499863349
New York,7128239,3104601,3952813,1952,43.990631695972496,56.009368304027504
North Carolina,1210910,652803,558107,1952,53.91011718459671,46.08988281540329
North Dakota,270127,76694,191712,1952,28.573876887998033,71.42612311200197
Ohio,3700758,1600367,2100391,1952,43.24430292388748,56.75569707611251
Oklahoma,948984,430939,518045,1952,45.410565404685435,54.589434595314565
Oregon,695059,270579,420815,1952,39.135283210441514,60.86471678955848
Pennsylvania,4580969,2146269,2415789,1952,47.046069997356454,52.953930002643546
Rhode Island,414498,203293,210935,1952,49.07756114989812,50.922438850101884
South Carolina,341087,173004,9793,1952,94.6426910726106,5.3573089273894
South Dakota,294283,90426,203857,1952,30.727564962977816,69.27243503702218
Tennessee,892553,443710,446147,1952,49.86306788618845,50.13693211381155
Texas,2075946,969228,1102878,1952,46.775020196843215,53.22497980315679
Utah,329554,135364,194190,1952,41.07490729895556,58.92509270104445
Vermont,153557,43355,109717,1952,28.323272708268004,71.676727291732007
Virginia,619689,268677,349037,1952,43.495371644482724,56.50462835551728
Washington,1102708,492845,599107,1952,45.13430993303735,54.86569006696265
West Virginia,873548,453578,419970,1952,51.92364930146941,48.07635069853059
Wisconsin,1607370,622175,979744,1952,38.839354549137624,61.160645450862376
Wyoming,129253,47934,81049,1952,37.16303698937069,62.83696301062931
Alabama,496861,280844,195694,1956,58.93422979909262,41.06577020090737
Arizona,290173,112880,176990,1956,38.94159450788284,61.05840549211715
Arkansas,406572,213277,186287,1956,53.37743140022625,46.62256859977376
California,5466355,2420135,3027668,1956,44.424054981430125,55.575945018569875
Colorado,657074,257997,394479,1956,39.54122450480938,60.45877549519063
Connecticut,1117121,405079,711837,1956,36.26763337618944,63.73236662381056
Delaware,177988,79421,98057,1956,44.74977180270231,55.25022819729769
Florida,1125762,480371,643849,1956,42.72927007169415,57.270729928305855
Georgia,669655,444688,222778,1956,66.6233186409495,33.376681359050494
Idaho,272989,105868,166979,1956,38.80123292541241,61.19876707458759
Illinois,4407407,1775682,2623327,1956,40.36550050249954,59.63449949750046
Indiana,1974607,783908,1182811,1956,39.85866816764367,60.14133183235633
Iowa,1234564,501858,729187,1956,40.766828182560346,59.233171817439654
Kansas,866243,296317,566878,1956,34.32793285410597,65.67206714589403
Kentucky,1053805,476453,572192,1956,45.43510911700337,54.56489088299663
Louisiana,617544,243977,329047,1956,42.577099737532805,57.422900262467195
Maine,351706,102468,249238,1956,29.13456125286461,70.86543874713539
Maryland,932827,372613,559738,1956,39.96488446947556,60.03511553052445
Massachusetts,2348506,948190,1393197,1956,40.49693621772052,59.503063782279476
Michigan,3080468,1359898,1713647,1956,44.245260765663105,55.7547392343369
Minnesota,1340005,617525,719302,1956,46.19333690896429,53.80666309103571
Mississippi,248104,144453,60685,1956,70.41747506556561,29.582524934434378
Missouri,1832562,918273,914289,1956,50.108700278626316,49.891299721373684
Montana,271171,116238,154933,1956,42.86520313750364,57.13479686249636
Nebraska,577137,199029,378108,1956,34.48557274962444,65.51442725037556
Nevada,96689,40640,56049,1956,42.03166854554293,57.96833145445708
New Hampshire,266994,90364,176519,1956,33.85903186040325,66.14096813959675
New Jersey,2484312,850337,1606942,1956,34.60482102357933,65.39517897642067
New Mexico,253926,106098,146788,1956,41.95487294670326,58.04512705329674
New York,7095971,2747944,4345506,1956,38.73917487259373,61.26082512740627
North Carolina,1165592,590530,575062,1956,50.663525487477614,49.33647451252239
North Dakota,253991,96742,156766,1956,38.16132035280938,61.83867964719062
Ohio,3702265,1439655,2262610,1956,38.885790185197436,61.11420981480256
Oklahoma,859350,385581,473769,1956,44.868912550183275,55.13108744981672
Oregon,736132,329204,406393,1956,44.753309216867386,55.246690783132614
Pennsylvania,4576503,1981769,2585252,1956,43.39303454045865,56.60696545954135
Rhode Island,387609,161790,225819,1956,41.7405168610636,58.25948313893641
South Carolina,300583,136372,75700,1956,64.30457580444377,35.69542419555623
South Dakota,293857,122288,171569,1956,41.614799034904735,58.385200965095265
Tennessee,939404,456507,462288,1956,49.685403163926665,50.314596836073335
Texas,1955168,859958,1080619,1956,44.31455180598348,55.685448194016516
Utah,333995,118364,215631,1956,35.43885387505801,64.561146124942
Vermont,152978,42549,110390,1956,27.820895912749528,72.17910408725047
Virginia,697978,267760,386459,1956,40.928190712895834,59.07180928710416
Washington,1150889,523002,620430,1956,45.73966794702265,54.260332052977354
West Virginia,830831,381534,449297,1956,45.92197450504374,54.07802549495625
Wisconsin,1550558,586768,954844,1956,38.0619766841462,61.9380233158538
Wyoming,124127,49554,74573,1956,39.922015355241,60.077984644759
Alabama,570225,324050,237981,1960,57.65696198252409,42.343038017475905
Alaska,60762,29809,30953,1960,49.05862216516902,50.94137783483098
Arizona,398491,176781,221241,1960,44.41488158945988,55.585118410540126
Arkansas,428509,215049,184508,1960,53.821857707410956,46.178142292589044
California,6506578,3224099,3259722,1960,49.72529315661244,50.27470684338756
Colorado,736236,330629,402242,1960,45.11421518930344,54.885784810696556
Connecticut,1222883,657055,565813,1960,53.73065612968857,46.26934387031143
Delaware,196683,99590,96373,1960,50.82081821568357,49.17918178431643
Florida,1544176,748700,795476,1960,48.4854058086643,51.5145941913357
Georgia,733349,458638,274472,1960,62.5605980003001,37.4394019996999
Hawaii,184705,92410,92295,1960,50.03113072196205,49.96886927803795
Idaho,300450,138853,161597,1960,46.21501081710767,53.78498918289233
Illinois,4757409,2377846,2368988,1960,50.093304295031174,49.906695704968826
Indiana,2135360,952358,1175120,1960,44.764646214907984,55.23535378509202
Iowa,1273810,550565,722381,1960,43.251245535945756,56.74875446405425
Kansas,928825,363213,561474,1960,39.27956162463623,60.72043837536377
Kentucky,1124462,521855,602607,1960,46.409305072114485,53.590694927885515
Louisiana,807891,407339,230980,1960,63.81433107897462,36.18566892102538
Maine,421767,181159,240608,1960,42.95238840402402,57.04761159597598
Maryland,1055349,565808,489538,1960,53.61350684988619,46.3864931501138
Massachusetts,2469480,1487174,976750,1960,60.35794935233392,39.64205064766608
Michigan,3318097,1687269,1620428,1960,51.01038577596436,48.98961422403564
Minnesota,1541887,779933,757915,1960,50.71587048915107,49.28412951084893
Mississippi,298171,108362,73561,1960,59.564760915332315,40.43523908466769
Missouri,1934422,972201,962221,1960,50.25795819112893,49.74204180887107
Montana,277579,134891,141841,1960,48.744272436870325,51.255727563129675
Nebraska,613095,232542,380553,1960,37.92919531230886,62.07080468769114
Nevada,107267,54880,52387,1960,51.16205356726673,48.837946432733276
New Hampshire,295761,137772,157989,1960,46.582206578960715,53.417793421039285
New Jersey,2773111,1385415,1363324,1960,50.40183880681287,49.59816119318713
New Mexico,311107,156027,153733,1960,50.37028667355372,49.62971332644628
New York,7291079,3830085,3446419,1960,52.636334701389565,47.36366529861043
North Carolina,1368556,713136,655420,1960,52.10864590122728,47.89135409877272
North Dakota,278431,123963,154310,1960,44.54726114283456,55.45273885716544
Ohio,4161859,1944248,2217611,1960,46.7158546216967,53.28414537830331
Oklahoma,903150,370111,533039,1960,40.980014394065215,59.019985605934785
Oregon,776421,367402,408060,1960,47.378465998333894,52.621534001666106
Pennsylvania,5006541,2556282,2439956,1960,51.16413589584804,48.835864104151966
Rhode Island,405535,258032,147502,1960,63.62771062352355,36.372289376476445
South Carolina,386688,198129,188558,1960,51.237564231536105,48.7624357684639
South Dakota,306487,128070,178417,1960,41.78643792395763,58.21356207604238
Tennessee,1051792,481453,556577,1960,46.38141479533347,53.61858520466654
Texas,2311084,1167567,1121310,1960,51.0104736951789,48.9895263048211
Utah,374709,169248,205361,1960,45.17990758364054,54.82009241635946
Vermont,167324,69186,98131,1960,41.35025131935189,58.64974868064811
Virginia,771449,362327,404521,1960,47.24886809380738,52.751131906192626
Washington,1241572,599298,629273,1960,48.7800867837512,51.21991321624879
West Virginia,837781,441786,395995,1960,52.732874104330364,47.26712589566963
Wisconsin,1729082,830805,895175,1960,48.13526228577388,51.864737714226116
Wyoming,140782,63331,77451,1960,44.985154352118876,55.01484564788112
Alabama,689818,NA,479085,1964,NA,NA
Alaska,67259,44329,22930,1964,65.9079082353291,34.092091764670904
Arizona,480770,237753,242535,1964,49.50217369578253,50.497826304217476
Arkansas,560426,314197,243264,1964,56.36214910101335,43.637850898986656
California,7057586,4171877,2879108,1964,59.167293647625115,40.832706352374885
Colorado,776986,476024,296767,1964,61.598025856926384,38.401974143073616
Connecticut,1218578,826269,390996,1964,67.87913888923119,32.120861110768814
Delaware,201320,122704,78078,1964,61.113047982388856,38.886952017611144
District of Columbia,198597,169796,28801,1964,85.49776683434291,14.502233165657085
Florida,1854481,948540,905941,1964,51.148542368457804,48.851457631542196
Georgia,1139335,522556,616584,1964,45.872851449338974,54.12714855066102
Hawaii,207271,163249,44022,1964,78.76113879896367,21.238861201036325
Idaho,292477,148920,143557,1964,50.916824228913725,49.083175771086275
Illinois,4702841,2796833,1905946,1964,59.47192075153861,40.52807924846139
Indiana,2091606,1170848,911118,1964,56.237613870735636,43.76238612926436
Iowa,1184539,733030,449148,1964,62.006736718159196,37.993263281840804
Kansas,857901,464028,386579,1964,54.55257245708065,45.44742754291935
Kentucky,1046105,669659,372977,1964,64.22749646089335,35.77250353910665
Louisiana,896293,387068,509225,1964,43.185431549727596,56.8145684502724
Maine,380965,262264,118701,1964,68.84201960810049,31.15798039189952
Maryland,1116457,730912,385495,1964,65.47003019508118,34.529969804918814
Massachusetts,2344798,1786422,549727,1964,76.46866702423519,23.531332975764816
Michigan,3203102,2136615,1060152,1964,66.8367447486789,33.1632552513211
Minnesota,1554462,991117,559624,1964,63.91247797020908,36.08752202979092
Mississippi,409146,52618,356528,1964,12.860445904395986,87.13955409560401
Missouri,1817879,1164344,653535,1964,64.04958745879125,35.950412541208735
Montana,278628,164246,113032,1964,59.2351358564329,40.7648641435671
Nebraska,584154,307307,276847,1964,52.607189200108195,47.39281079989181
Nevada,135433,79339,56094,1964,58.58173414160508,41.418265858394925
New Hampshire,288093,184064,104029,1964,63.890479810339016,36.10952018966098
New Jersey,2847663,1868231,964174,1964,65.95917603591295,34.04082396408706
New Mexico,328645,194015,132838,1964,59.35848837244878,40.641511627551225
New York,7166275,4913102,2243559,1964,68.6507576647825,31.349242335217497
North Carolina,1424983,800139,624844,1964,56.15077513205421,43.84922486794579
North Dakota,258389,149784,108207,1964,58.05783922694978,41.942160773050226
Ohio,3969196,2498331,1470865,1964,62.942999035572946,37.05700096442705
Oklahoma,932499,519834,412665,1964,55.74633324003565,44.253666759964354
Oregon,786305,501017,282779,1964,63.9218623213183,36.0781376786817
Pennsylvania,4822690,3130954,1673657,1964,65.16560862055222,34.83439137944778
Rhode Island,390091,315463,74615,1964,80.8717743630761,19.128225636923897
South Carolina,524779,215723,309048,1964,41.108026167604535,58.891973832395465
South Dakota,293118,163010,130108,1964,55.6124154777257,44.3875845222743
Tennessee,1143946,634947,508965,1964,55.50662988062018,44.49337011937981
Texas,2626811,1663185,958566,1964,63.43794662422175,36.56205337577825
Utah,401413,219628,181785,1964,54.71372377077972,45.28627622922028
Vermont,163089,108127,54942,1964,66.30751399714231,33.692486002857684
Virginia,1042267,558038,481334,1964,53.68992045196522,46.31007954803478
Washington,1258556,779881,470366,1964,62.378154076754434,37.621845923245566
West Virginia,792040,538087,253953,1964,67.93684662390788,32.06315337609212
Wisconsin,1691815,1050424,638495,1964,62.19504902248124,37.80495097751876
Wyoming,142716,80718,61998,1964,56.55847977802069,43.44152022197931
Alabama,1049922,196579,146923,1968,57.22790551437838,42.77209448562162
Alaska,83035,35411,37600,1968,48.50091082165701,51.49908917834299
Arizona,486936,170514,266721,1968,38.998250368794814,61.00174963120518
Arkansas,619969,188228,190759,1968,49.66608353320826,50.33391646679174
California,7251587,3244318,3467664,1968,48.336214250872544,51.663785749127456
Colorado,811199,335174,409345,1968,45.018864528641984,54.98113547135802
Connecticut,1256232,621561,556721,1968,52.751463571538906,47.248536428461094
Delaware,214367,89194,96714,1968,47.977494244465,52.022505755535
District of Columbia,170578,139566,31012,1968,81.81946089179144,18.180539108208563
Florida,2187805,676794,886804,1968,43.28439918700331,56.71560081299669
Georgia,1250266,334440,380111,1968,46.8042169138382,53.195783086161796
Hawaii,236218,141324,91425,1968,60.71948751659513,39.28051248340487
Idaho,291183,89273,165369,1968,35.05823862520715,64.94176137479285
Illinois,4619749,2039814,2174774,1968,48.398894506414386,51.60110549358561
Indiana,2123597,806659,1067885,1968,43.03227878353349,56.967721216466515
Iowa,1167931,476699,619106,1968,43.502174200701766,56.49782579929823
Kansas,872783,302996,478674,1968,38.7626491997902,61.23735080020981
Kentucky,1055893,397541,462411,1968,46.22827785736878,53.77172214263122
Louisiana,1097450,309615,257535,1968,54.5913779423433,45.40862205765671
Maine,392936,217312,169254,1968,56.21601485904088,43.78398514095912
Maryland,1235039,538310,517995,1968,50.96160673290385,49.038393267096154
Massachusetts,2331752,1469218,766844,1968,65.70560208080099,34.29439791919902
Michigan,3306250,1593082,1370665,1968,53.75229397111156,46.24770602888843
Minnesota,1588506,857738,658643,1968,56.564807920964455,43.435192079035545
Mississippi,654509,150644,88516,1968,62.98879411272789,37.01120588727212
Missouri,1809502,791444,811932,1968,49.36109808304477,50.63890191695523
Montana,274404,114117,138835,1968,45.114092792308426,54.885907207691574
Nebraska,536851,170784,321163,1968,34.71593484663998,65.28406515336002
Nevada,154218,60598,73188,1968,45.294724410625925,54.70527558937408
New Hampshire,297298,130589,154903,1968,45.74173707144158,54.25826292855842
New Jersey,2875395,1264206,1325467,1968,48.817205878888956,51.182794121111044
New Mexico,327350,130081,169692,1968,43.393167496739196,56.6068325032608
New York,6791688,3378470,3007932,1968,52.90099182607045,47.09900817392955
North Carolina,1587493,464113,627192,1968,42.5282574532326,57.4717425467674
North Dakota,247882,94769,138669,1968,40.59707502634532,59.40292497365467
Ohio,3959698,1700586,1791014,1968,48.70506358116623,51.29493641883377
Oklahoma,943086,301658,449697,1968,40.148531652813915,59.851468347186085
Oregon,819622,358866,408433,1968,46.77003358534287,53.22996641465713
Pennsylvania,4747928,2259405,2090017,1968,51.94724724342683,48.05275275657318
Rhode Island,385000,246518,122359,1968,66.8293225112978,33.1706774887022
South Carolina,666978,197486,254062,1968,43.735328248602585,56.26467175139741
South Dakota,281264,118023,149841,1968,44.06079204372368,55.93920795627631
Tennessee,1248617,351233,472592,1968,42.63441871756745,57.36558128243255
Texas,3079216,1266804,1227844,1968,50.780871690114196,49.219128309885804
Utah,422568,156665,238728,1968,39.62260333389817,60.377396666101824
Vermont,161404,70255,85142,1968,45.210010489262984,54.789989510737016
Virginia,1361491,442387,590319,1968,42.83765176148875,57.16234823851125
Washington,1304281,616037,588510,1968,51.14262872266504,48.85737127733496
West Virginia,754206,374091,307555,1968,54.880539165490596,45.119460834509404
Wisconsin,1691538,748804,809997,1968,48.03717729203407,51.96282270796593
Wyoming,127205,45173,70927,1968,38.90869939707149,61.09130060292851
Alabama,1006111,256923,728701,1972,26.067039763642118,73.93296023635789
Alaska,95219,32967,55349,1972,37.32845690475112,62.671543095248886
Arizona,622926,198540,402812,1972,33.0156048371004,66.9843951628996
Arkansas,651320,199892,448541,1972,30.826932003769087,69.17306799623091
California,8367862,3475847,4602096,1972,43.028862669617745,56.97113733038225
Colorado,953884,329980,597189,1972,35.590059633141315,64.40994036685869
Connecticut,1384277,555498,810763,1972,40.65826368461077,59.34173631538923
Delaware,235516,92283,140357,1972,39.66772696011004,60.33227303988996
District of Columbia,163421,127627,35226,1972,78.36944974916028,21.630550250839715
Florida,2583283,718117,1857759,1972,27.878554713037428,72.12144528696257
Georgia,1174772,289529,881496,1972,24.72440810401144,75.27559189598855
Hawaii,270274,101409,168865,1972,37.52081221279147,62.47918778720853
Idaho,310379,80826,199384,1972,28.844794975197175,71.15520502480283
Illinois,4723236,1913472,2788179,1972,40.697874002132444,59.30212599786756
Indiana,2125529,708568,1405154,1972,33.522289118436575,66.477710881563425
Iowa,1225944,496206,706207,1972,41.26751789942391,58.73248210057609
Kansas,916095,270287,619812,1972,30.36594805746327,69.63405194253673
Kentucky,1067499,371159,676446,1972,35.42928871091681,64.57071128908319
Louisiana,1051491,298142,686852,1972,30.26840772634148,69.73159227365852
Maine,417042,160584,256458,1972,38.505474268778684,61.494525731221316
Maryland,1353812,505781,829305,1972,37.8837767754287,62.1162232245713
Massachusetts,2458756,1332540,1112078,1972,54.50912985178052,45.49087014821948
Michigan,3489727,1459435,1961721,1972,42.659118730627895,57.340881269372105
Minnesota,1741652,802346,898269,1972,47.17975555901835,52.82024444098165
Mississippi,645963,126782,505125,1972,20.06339540470354,79.93660459529646
Missouri,1855803,697147,1153852,1972,37.6632834485594,62.336716551440595
Montana,317603,120197,183976,1972,39.51599911892246,60.48400088107755
Nebraska,576289,169991,406298,1972,29.497526414698182,70.50247358530181
Nevada,181766,66016,115750,1972,36.31922361717813,63.68077638282187
New Hampshire,334055,116435,213724,1972,35.26634136885561,64.73365863114438
New Jersey,2997229,1102211,1845502,1972,37.392073108881355,62.60792689111864
New Mexico,386241,141084,235606,1972,37.453609068464786,62.546390931535214
New York,7165919,2951084,4192778,1972,41.309364598588274,58.690635401411726
North Carolina,1518612,438705,1054889,1972,29.3724398999996,70.6275601000004
North Dakota,280514,100384,174109,1972,36.570695791878116,63.429304208121884
Ohio,4094787,1558889,2441827,1972,38.965250220210585,61.03474977978942
Oklahoma,1029900,247147,759025,1972,24.563096567982413,75.43690343201759
Oregon,927946,392760,486686,1972,44.65993364004157,55.34006635995843
Pennsylvania,4592106,1796951,2714521,1972,39.830702706345065,60.169297293654935
Rhode Island,415808,194645,220383,1972,46.89924535212082,53.10075464787918
South Carolina,673960,186824,477044,1972,28.14173902040767,71.85826097959233
South Dakota,307415,139945,166476,1972,45.670825432982724,54.32917456701727
Tennessee,1201182,357293,813147,1972,30.526383240490755,69.47361675950926
Texas,3471281,1154289,2298896,1972,33.426792946222115,66.57320705377789
Utah,478476,126284,323643,1972,28.067664309988068,71.93233569001194
Vermont,186947,68174,117149,1972,36.7865834246154,63.2134165753846
Virginia,1457019,438887,988493,1972,30.747733609830597,69.25226639016941
Washington,1470847,568334,837135,1972,40.43732021126044,59.56267978873956
West Virginia,762399,277435,484964,1972,36.38973818171325,63.61026181828675
Wisconsin,1852890,810174,989430,1972,45.01957097228057,54.98042902771944
Wyoming,145570,44358,100464,1972,30.62932427393628,69.37067572606372
